-- MySQL dump 10.13  Distrib 9.6.0, for macos26.3 (arm64)
--
-- Host: localhost    Database: ticketing
-- ------------------------------------------------------
-- Server version	9.6.0

/*!40101 SET @OLD_CHARACTER_SET_CLIENT=@@CHARACTER_SET_CLIENT */;
/*!40101 SET @OLD_CHARACTER_SET_RESULTS=@@CHARACTER_SET_RESULTS */;
/*!40101 SET @OLD_COLLATION_CONNECTION=@@COLLATION_CONNECTION */;
/*!50503 SET NAMES utf8mb4 */;
/*!40103 SET @OLD_TIME_ZONE=@@TIME_ZONE */;
/*!40103 SET TIME_ZONE='+00:00' */;
/*!40014 SET @OLD_UNIQUE_CHECKS=@@UNIQUE_CHECKS, UNIQUE_CHECKS=0 */;
/*!40014 SET @OLD_FOREIGN_KEY_CHECKS=@@FOREIGN_KEY_CHECKS, FOREIGN_KEY_CHECKS=0 */;
/*!40101 SET @OLD_SQL_MODE=@@SQL_MODE, SQL_MODE='NO_AUTO_VALUE_ON_ZERO' */;
/*!40111 SET @OLD_SQL_NOTES=@@SQL_NOTES, SQL_NOTES=0 */;

--
-- Table structure for table `cache`
--

DROP TABLE IF EXISTS `cache`;
/*!40101 SET @saved_cs_client     = @@character_set_client */;
/*!50503 SET character_set_client = utf8mb4 */;
CREATE TABLE `cache` (
  `key` varchar(255) CHARACTER SET utf8mb4 COLLATE utf8mb4_unicode_ci NOT NULL,
  `value` mediumtext CHARACTER SET utf8mb4 COLLATE utf8mb4_unicode_ci NOT NULL,
  `expiration` int NOT NULL,
  PRIMARY KEY (`key`)
) ENGINE=InnoDB DEFAULT CHARSET=utf8mb4 COLLATE=utf8mb4_unicode_ci;
/*!40101 SET character_set_client = @saved_cs_client */;

--
-- Dumping data for table `cache`
--

LOCK TABLES `cache` WRITE;
/*!40000 ALTER TABLE `cache` DISABLE KEYS */;
/*!40000 ALTER TABLE `cache` ENABLE KEYS */;
UNLOCK TABLES;

--
-- Table structure for table `cache_locks`
--

DROP TABLE IF EXISTS `cache_locks`;
/*!40101 SET @saved_cs_client     = @@character_set_client */;
/*!50503 SET character_set_client = utf8mb4 */;
CREATE TABLE `cache_locks` (
  `key` varchar(255) CHARACTER SET utf8mb4 COLLATE utf8mb4_unicode_ci NOT NULL,
  `owner` varchar(255) CHARACTER SET utf8mb4 COLLATE utf8mb4_unicode_ci NOT NULL,
  `expiration` int NOT NULL,
  PRIMARY KEY (`key`)
) ENGINE=InnoDB DEFAULT CHARSET=utf8mb4 COLLATE=utf8mb4_unicode_ci;
/*!40101 SET character_set_client = @saved_cs_client */;

--
-- Dumping data for table `cache_locks`
--

LOCK TABLES `cache_locks` WRITE;
/*!40000 ALTER TABLE `cache_locks` DISABLE KEYS */;
/*!40000 ALTER TABLE `cache_locks` ENABLE KEYS */;
UNLOCK TABLES;

--
-- Table structure for table `failed_jobs`
--

DROP TABLE IF EXISTS `failed_jobs`;
/*!40101 SET @saved_cs_client     = @@character_set_client */;
/*!50503 SET character_set_client = utf8mb4 */;
CREATE TABLE `failed_jobs` (
  `id` bigint unsigned NOT NULL AUTO_INCREMENT,
  `uuid` varchar(255) CHARACTER SET utf8mb4 COLLATE utf8mb4_unicode_ci NOT NULL,
  `connection` text CHARACTER SET utf8mb4 COLLATE utf8mb4_unicode_ci NOT NULL,
  `queue` text CHARACTER SET utf8mb4 COLLATE utf8mb4_unicode_ci NOT NULL,
  `payload` longtext CHARACTER SET utf8mb4 COLLATE utf8mb4_unicode_ci NOT NULL,
  `exception` longtext CHARACTER SET utf8mb4 COLLATE utf8mb4_unicode_ci NOT NULL,
  `failed_at` timestamp NOT NULL DEFAULT CURRENT_TIMESTAMP,
  PRIMARY KEY (`id`),
  UNIQUE KEY `failed_jobs_uuid_unique` (`uuid`)
) ENGINE=InnoDB AUTO_INCREMENT=25 DEFAULT CHARSET=utf8mb4 COLLATE=utf8mb4_unicode_ci;
/*!40101 SET character_set_client = @saved_cs_client */;

--
-- Dumping data for table `failed_jobs`
--

LOCK TABLES `failed_jobs` WRITE;
/*!40000 ALTER TABLE `failed_jobs` DISABLE KEYS */;
INSERT INTO `failed_jobs` VALUES (24,'6d3c530c-274a-4adc-8085-56fea1536157','redis','ticket-heavy','{\"uuid\":\"6d3c530c-274a-4adc-8085-56fea1536157\",\"timeout\":120,\"id\":\"CW3nURcTsfC3nkVp6JPslG5PT2x5WcPf\",\"displayName\":\"App\\\\Jobs\\\\ProcessTicketAttachmentsJob\",\"backoff\":null,\"job\":\"Illuminate\\\\Queue\\\\CallQueuedHandler@call\",\"maxTries\":3,\"createdAt\":1768310387,\"failOnTimeout\":false,\"maxExceptions\":null,\"retryUntil\":null,\"data\":{\"command\":\"O:36:\\\"App\\\\Jobs\\\\ProcessTicketAttachmentsJob\\\":5:{s:8:\\\"ticketId\\\";s:36:\\\"8b549455-b448-4a78-9d5f-db1ab34488ee\\\";s:5:\\\"files\\\";a:1:{i:0;a:3:{s:4:\\\"path\\\";s:56:\\\"tmp\\/tickets\\/E0t04lMfvtRNRiUwPMx4RUix0aWjObtpiZOctmY3.jpg\\\";s:4:\\\"name\\\";s:13:\\\"IMG_2392.jpeg\\\";s:4:\\\"mime\\\";s:10:\\\"image\\/jpeg\\\";}}s:6:\\\"userId\\\";s:36:\\\"0197525d-a2bc-72ca-8c54-0bbab60d43b5\\\";s:5:\\\"queue\\\";s:12:\\\"ticket-heavy\\\";s:11:\\\"afterCommit\\\";b:1;}\",\"commandName\":\"App\\\\Jobs\\\\ProcessTicketAttachmentsJob\"},\"delay\":null,\"attempts\":2}','GuzzleHttp\\Exception\\ConnectException: cURL error 28: Resolving timed out after 10001 milliseconds (see https://curl.haxx.se/libcurl/c/libcurl-errors.html) for https://cloud.mjm-bali.co.id/remote.php/dav/files/it/ticket in /var/www/tix.asianbay.co.id/vendor/guzzlehttp/guzzle/src/Handler/CurlFactory.php:277\nStack trace:\n#0 /var/www/tix.asianbay.co.id/vendor/guzzlehttp/guzzle/src/Handler/CurlFactory.php(207): GuzzleHttp\\Handler\\CurlFactory::createRejection()\n#1 /var/www/tix.asianbay.co.id/vendor/guzzlehttp/guzzle/src/Handler/CurlFactory.php(159): GuzzleHttp\\Handler\\CurlFactory::finishError()\n#2 /var/www/tix.asianbay.co.id/vendor/guzzlehttp/guzzle/src/Handler/CurlHandler.php(47): GuzzleHttp\\Handler\\CurlFactory::finish()\n#3 /var/www/tix.asianbay.co.id/vendor/guzzlehttp/guzzle/src/Handler/Proxy.php(28): GuzzleHttp\\Handler\\CurlHandler->__invoke()\n#4 /var/www/tix.asianbay.co.id/vendor/guzzlehttp/guzzle/src/Handler/Proxy.php(48): GuzzleHttp\\Handler\\Proxy::GuzzleHttp\\Handler\\{closure}()\n#5 /var/www/tix.asianbay.co.id/vendor/laravel/framework/src/Illuminate/Http/Client/PendingRequest.php(1479): GuzzleHttp\\Handler\\Proxy::GuzzleHttp\\Handler\\{closure}()\n#6 /var/www/tix.asianbay.co.id/vendor/laravel/framework/src/Illuminate/Http/Client/PendingRequest.php(1438): Illuminate\\Http\\Client\\PendingRequest->Illuminate\\Http\\Client\\{closure}()\n#7 /var/www/tix.asianbay.co.id/vendor/laravel/framework/src/Illuminate/Http/Client/PendingRequest.php(1424): Illuminate\\Http\\Client\\PendingRequest->Illuminate\\Http\\Client\\{closure}()\n#8 /var/www/tix.asianbay.co.id/vendor/guzzlehttp/guzzle/src/PrepareBodyMiddleware.php(35): Illuminate\\Http\\Client\\PendingRequest->Illuminate\\Http\\Client\\{closure}()\n#9 /var/www/tix.asianbay.co.id/vendor/guzzlehttp/guzzle/src/Middleware.php(38): GuzzleHttp\\PrepareBodyMiddleware->__invoke()\n#10 /var/www/tix.asianbay.co.id/vendor/guzzlehttp/guzzle/src/RedirectMiddleware.php(71): GuzzleHttp\\Middleware::GuzzleHttp\\{closure}()\n#11 /var/www/tix.asianbay.co.id/vendor/guzzlehttp/guzzle/src/Middleware.php(63): GuzzleHttp\\RedirectMiddleware->__invoke()\n#12 /var/www/tix.asianbay.co.id/vendor/guzzlehttp/guzzle/src/HandlerStack.php(75): GuzzleHttp\\Middleware::GuzzleHttp\\{closure}()\n#13 /var/www/tix.asianbay.co.id/vendor/guzzlehttp/guzzle/src/Client.php(333): GuzzleHttp\\HandlerStack->__invoke()\n#14 /var/www/tix.asianbay.co.id/vendor/guzzlehttp/guzzle/src/Client.php(169): GuzzleHttp\\Client->transfer()\n#15 /var/www/tix.asianbay.co.id/vendor/guzzlehttp/guzzle/src/Client.php(189): GuzzleHttp\\Client->requestAsync()\n#16 /var/www/tix.asianbay.co.id/vendor/laravel/framework/src/Illuminate/Http/Client/PendingRequest.php(1264): GuzzleHttp\\Client->request()\n#17 /var/www/tix.asianbay.co.id/vendor/laravel/framework/src/Illuminate/Http/Client/PendingRequest.php(1004): Illuminate\\Http\\Client\\PendingRequest->sendRequest()\n#18 /var/www/tix.asianbay.co.id/vendor/laravel/framework/src/Illuminate/Support/helpers.php(329): Illuminate\\Http\\Client\\PendingRequest->Illuminate\\Http\\Client\\{closure}()\n#19 /var/www/tix.asianbay.co.id/vendor/laravel/framework/src/Illuminate/Http/Client/PendingRequest.php(1002): retry()\n#20 /var/www/tix.asianbay.co.id/app/Services/NextcloudService.php(34): Illuminate\\Http\\Client\\PendingRequest->send()\n#21 /var/www/tix.asianbay.co.id/app/Jobs/ProcessTicketAttachmentsJob.php(52): App\\Services\\NextcloudService::makeDir()\n#22 /var/www/tix.asianbay.co.id/vendor/laravel/framework/src/Illuminate/Container/BoundMethod.php(36): App\\Jobs\\ProcessTicketAttachmentsJob->handle()\n#23 /var/www/tix.asianbay.co.id/vendor/laravel/framework/src/Illuminate/Container/Util.php(43): Illuminate\\Container\\BoundMethod::Illuminate\\Container\\{closure}()\n#24 /var/www/tix.asianbay.co.id/vendor/laravel/framework/src/Illuminate/Container/BoundMethod.php(96): Illuminate\\Container\\Util::unwrapIfClosure()\n#25 /var/www/tix.asianbay.co.id/vendor/laravel/framework/src/Illuminate/Container/BoundMethod.php(35): Illuminate\\Container\\BoundMethod::callBoundMethod()\n#26 /var/www/tix.asianbay.co.id/vendor/laravel/framework/src/Illuminate/Container/Container.php(799): Illuminate\\Container\\BoundMethod::call()\n#27 /var/www/tix.asianbay.co.id/vendor/laravel/framework/src/Illuminate/Bus/Dispatcher.php(129): Illuminate\\Container\\Container->call()\n#28 /var/www/tix.asianbay.co.id/vendor/laravel/framework/src/Illuminate/Pipeline/Pipeline.php(180): Illuminate\\Bus\\Dispatcher->Illuminate\\Bus\\{closure}()\n#29 /var/www/tix.asianbay.co.id/vendor/laravel/framework/src/Illuminate/Pipeline/Pipeline.php(137): Illuminate\\Pipeline\\Pipeline->Illuminate\\Pipeline\\{closure}()\n#30 /var/www/tix.asianbay.co.id/vendor/laravel/framework/src/Illuminate/Bus/Dispatcher.php(133): Illuminate\\Pipeline\\Pipeline->then()\n#31 /var/www/tix.asianbay.co.id/vendor/laravel/framework/src/Illuminate/Queue/CallQueuedHandler.php(134): Illuminate\\Bus\\Dispatcher->dispatchNow()\n#32 /var/www/tix.asianbay.co.id/vendor/laravel/framework/src/Illuminate/Pipeline/Pipeline.php(180): Illuminate\\Queue\\CallQueuedHandler->Illuminate\\Queue\\{closure}()\n#33 /var/www/tix.asianbay.co.id/vendor/laravel/framework/src/Illuminate/Pipeline/Pipeline.php(137): Illuminate\\Pipeline\\Pipeline->Illuminate\\Pipeline\\{closure}()\n#34 /var/www/tix.asianbay.co.id/vendor/laravel/framework/src/Illuminate/Queue/CallQueuedHandler.php(127): Illuminate\\Pipeline\\Pipeline->then()\n#35 /var/www/tix.asianbay.co.id/vendor/laravel/framework/src/Illuminate/Queue/CallQueuedHandler.php(68): Illuminate\\Queue\\CallQueuedHandler->dispatchThroughMiddleware()\n#36 /var/www/tix.asianbay.co.id/vendor/laravel/framework/src/Illuminate/Queue/Jobs/Job.php(102): Illuminate\\Queue\\CallQueuedHandler->call()\n#37 /var/www/tix.asianbay.co.id/vendor/laravel/framework/src/Illuminate/Queue/Worker.php(487): Illuminate\\Queue\\Jobs\\Job->fire()\n#38 /var/www/tix.asianbay.co.id/vendor/laravel/framework/src/Illuminate/Queue/Worker.php(437): Illuminate\\Queue\\Worker->process()\n#39 /var/www/tix.asianbay.co.id/vendor/laravel/framework/src/Illuminate/Queue/Worker.php(201): Illuminate\\Queue\\Worker->runJob()\n#40 /var/www/tix.asianbay.co.id/vendor/laravel/framework/src/Illuminate/Queue/Console/WorkCommand.php(148): Illuminate\\Queue\\Worker->daemon()\n#41 /var/www/tix.asianbay.co.id/vendor/laravel/framework/src/Illuminate/Queue/Console/WorkCommand.php(131): Illuminate\\Queue\\Console\\WorkCommand->runWorker()\n#42 /var/www/tix.asianbay.co.id/vendor/laravel/framework/src/Illuminate/Container/BoundMethod.php(36): Illuminate\\Queue\\Console\\WorkCommand->handle()\n#43 /var/www/tix.asianbay.co.id/vendor/laravel/framework/src/Illuminate/Container/Util.php(43): Illuminate\\Container\\BoundMethod::Illuminate\\Container\\{closure}()\n#44 /var/www/tix.asianbay.co.id/vendor/laravel/framework/src/Illuminate/Container/BoundMethod.php(96): Illuminate\\Container\\Util::unwrapIfClosure()\n#45 /var/www/tix.asianbay.co.id/vendor/laravel/framework/src/Illuminate/Container/BoundMethod.php(35): Illuminate\\Container\\BoundMethod::callBoundMethod()\n#46 /var/www/tix.asianbay.co.id/vendor/laravel/framework/src/Illuminate/Container/Container.php(799): Illuminate\\Container\\BoundMethod::call()\n#47 /var/www/tix.asianbay.co.id/vendor/laravel/framework/src/Illuminate/Console/Command.php(211): Illuminate\\Container\\Container->call()\n#48 /var/www/tix.asianbay.co.id/vendor/symfony/console/Command/Command.php(341): Illuminate\\Console\\Command->execute()\n#49 /var/www/tix.asianbay.co.id/vendor/laravel/framework/src/Illuminate/Console/Command.php(180): Symfony\\Component\\Console\\Command\\Command->run()\n#50 /var/www/tix.asianbay.co.id/vendor/symfony/console/Application.php(1102): Illuminate\\Console\\Command->run()\n#51 /var/www/tix.asianbay.co.id/vendor/symfony/console/Application.php(356): Symfony\\Component\\Console\\Application->doRunCommand()\n#52 /var/www/tix.asianbay.co.id/vendor/symfony/console/Application.php(195): Symfony\\Component\\Console\\Application->doRun()\n#53 /var/www/tix.asianbay.co.id/vendor/laravel/framework/src/Illuminate/Foundation/Console/Kernel.php(197): Symfony\\Component\\Console\\Application->run()\n#54 /var/www/tix.asianbay.co.id/vendor/laravel/framework/src/Illuminate/Foundation/Application.php(1235): Illuminate\\Foundation\\Console\\Kernel->handle()\n#55 /var/www/tix.asianbay.co.id/artisan(16): Illuminate\\Foundation\\Application->handleCommand()\n#56 {main}\n\nNext Illuminate\\Http\\Client\\ConnectionException: cURL error 28: Resolving timed out after 10001 milliseconds (see https://curl.haxx.se/libcurl/c/libcurl-errors.html) for https://cloud.mjm-bali.co.id/remote.php/dav/files/it/ticket in /var/www/tix.asianbay.co.id/vendor/laravel/framework/src/Illuminate/Http/Client/PendingRequest.php:1736\nStack trace:\n#0 /var/www/tix.asianbay.co.id/vendor/laravel/framework/src/Illuminate/Http/Client/PendingRequest.php(1041): Illuminate\\Http\\Client\\PendingRequest->marshalConnectionException()\n#1 /var/www/tix.asianbay.co.id/vendor/laravel/framework/src/Illuminate/Support/helpers.php(329): Illuminate\\Http\\Client\\PendingRequest->Illuminate\\Http\\Client\\{closure}()\n#2 /var/www/tix.asianbay.co.id/vendor/laravel/framework/src/Illuminate/Http/Client/PendingRequest.php(1002): retry()\n#3 /var/www/tix.asianbay.co.id/app/Services/NextcloudService.php(34): Illuminate\\Http\\Client\\PendingRequest->send()\n#4 /var/www/tix.asianbay.co.id/app/Jobs/ProcessTicketAttachmentsJob.php(52): App\\Services\\NextcloudService::makeDir()\n#5 /var/www/tix.asianbay.co.id/vendor/laravel/framework/src/Illuminate/Container/BoundMethod.php(36): App\\Jobs\\ProcessTicketAttachmentsJob->handle()\n#6 /var/www/tix.asianbay.co.id/vendor/laravel/framework/src/Illuminate/Container/Util.php(43): Illuminate\\Container\\BoundMethod::Illuminate\\Container\\{closure}()\n#7 /var/www/tix.asianbay.co.id/vendor/laravel/framework/src/Illuminate/Container/BoundMethod.php(96): Illuminate\\Container\\Util::unwrapIfClosure()\n#8 /var/www/tix.asianbay.co.id/vendor/laravel/framework/src/Illuminate/Container/BoundMethod.php(35): Illuminate\\Container\\BoundMethod::callBoundMethod()\n#9 /var/www/tix.asianbay.co.id/vendor/laravel/framework/src/Illuminate/Container/Container.php(799): Illuminate\\Container\\BoundMethod::call()\n#10 /var/www/tix.asianbay.co.id/vendor/laravel/framework/src/Illuminate/Bus/Dispatcher.php(129): Illuminate\\Container\\Container->call()\n#11 /var/www/tix.asianbay.co.id/vendor/laravel/framework/src/Illuminate/Pipeline/Pipeline.php(180): Illuminate\\Bus\\Dispatcher->Illuminate\\Bus\\{closure}()\n#12 /var/www/tix.asianbay.co.id/vendor/laravel/framework/src/Illuminate/Pipeline/Pipeline.php(137): Illuminate\\Pipeline\\Pipeline->Illuminate\\Pipeline\\{closure}()\n#13 /var/www/tix.asianbay.co.id/vendor/laravel/framework/src/Illuminate/Bus/Dispatcher.php(133): Illuminate\\Pipeline\\Pipeline->then()\n#14 /var/www/tix.asianbay.co.id/vendor/laravel/framework/src/Illuminate/Queue/CallQueuedHandler.php(134): Illuminate\\Bus\\Dispatcher->dispatchNow()\n#15 /var/www/tix.asianbay.co.id/vendor/laravel/framework/src/Illuminate/Pipeline/Pipeline.php(180): Illuminate\\Queue\\CallQueuedHandler->Illuminate\\Queue\\{closure}()\n#16 /var/www/tix.asianbay.co.id/vendor/laravel/framework/src/Illuminate/Pipeline/Pipeline.php(137): Illuminate\\Pipeline\\Pipeline->Illuminate\\Pipeline\\{closure}()\n#17 /var/www/tix.asianbay.co.id/vendor/laravel/framework/src/Illuminate/Queue/CallQueuedHandler.php(127): Illuminate\\Pipeline\\Pipeline->then()\n#18 /var/www/tix.asianbay.co.id/vendor/laravel/framework/src/Illuminate/Queue/CallQueuedHandler.php(68): Illuminate\\Queue\\CallQueuedHandler->dispatchThroughMiddleware()\n#19 /var/www/tix.asianbay.co.id/vendor/laravel/framework/src/Illuminate/Queue/Jobs/Job.php(102): Illuminate\\Queue\\CallQueuedHandler->call()\n#20 /var/www/tix.asianbay.co.id/vendor/laravel/framework/src/Illuminate/Queue/Worker.php(487): Illuminate\\Queue\\Jobs\\Job->fire()\n#21 /var/www/tix.asianbay.co.id/vendor/laravel/framework/src/Illuminate/Queue/Worker.php(437): Illuminate\\Queue\\Worker->process()\n#22 /var/www/tix.asianbay.co.id/vendor/laravel/framework/src/Illuminate/Queue/Worker.php(201): Illuminate\\Queue\\Worker->runJob()\n#23 /var/www/tix.asianbay.co.id/vendor/laravel/framework/src/Illuminate/Queue/Console/WorkCommand.php(148): Illuminate\\Queue\\Worker->daemon()\n#24 /var/www/tix.asianbay.co.id/vendor/laravel/framework/src/Illuminate/Queue/Console/WorkCommand.php(131): Illuminate\\Queue\\Console\\WorkCommand->runWorker()\n#25 /var/www/tix.asianbay.co.id/vendor/laravel/framework/src/Illuminate/Container/BoundMethod.php(36): Illuminate\\Queue\\Console\\WorkCommand->handle()\n#26 /var/www/tix.asianbay.co.id/vendor/laravel/framework/src/Illuminate/Container/Util.php(43): Illuminate\\Container\\BoundMethod::Illuminate\\Container\\{closure}()\n#27 /var/www/tix.asianbay.co.id/vendor/laravel/framework/src/Illuminate/Container/BoundMethod.php(96): Illuminate\\Container\\Util::unwrapIfClosure()\n#28 /var/www/tix.asianbay.co.id/vendor/laravel/framework/src/Illuminate/Container/BoundMethod.php(35): Illuminate\\Container\\BoundMethod::callBoundMethod()\n#29 /var/www/tix.asianbay.co.id/vendor/laravel/framework/src/Illuminate/Container/Container.php(799): Illuminate\\Container\\BoundMethod::call()\n#30 /var/www/tix.asianbay.co.id/vendor/laravel/framework/src/Illuminate/Console/Command.php(211): Illuminate\\Container\\Container->call()\n#31 /var/www/tix.asianbay.co.id/vendor/symfony/console/Command/Command.php(341): Illuminate\\Console\\Command->execute()\n#32 /var/www/tix.asianbay.co.id/vendor/laravel/framework/src/Illuminate/Console/Command.php(180): Symfony\\Component\\Console\\Command\\Command->run()\n#33 /var/www/tix.asianbay.co.id/vendor/symfony/console/Application.php(1102): Illuminate\\Console\\Command->run()\n#34 /var/www/tix.asianbay.co.id/vendor/symfony/console/Application.php(356): Symfony\\Component\\Console\\Application->doRunCommand()\n#35 /var/www/tix.asianbay.co.id/vendor/symfony/console/Application.php(195): Symfony\\Component\\Console\\Application->doRun()\n#36 /var/www/tix.asianbay.co.id/vendor/laravel/framework/src/Illuminate/Foundation/Console/Kernel.php(197): Symfony\\Component\\Console\\Application->run()\n#37 /var/www/tix.asianbay.co.id/vendor/laravel/framework/src/Illuminate/Foundation/Application.php(1235): Illuminate\\Foundation\\Console\\Kernel->handle()\n#38 /var/www/tix.asianbay.co.id/artisan(16): Illuminate\\Foundation\\Application->handleCommand()\n#39 {main}','2026-01-13 13:20:49');
/*!40000 ALTER TABLE `failed_jobs` ENABLE KEYS */;
UNLOCK TABLES;

--
-- Table structure for table `job_batches`
--

DROP TABLE IF EXISTS `job_batches`;
/*!40101 SET @saved_cs_client     = @@character_set_client */;
/*!50503 SET character_set_client = utf8mb4 */;
CREATE TABLE `job_batches` (
  `id` varchar(255) CHARACTER SET utf8mb4 COLLATE utf8mb4_unicode_ci NOT NULL,
  `name` varchar(255) CHARACTER SET utf8mb4 COLLATE utf8mb4_unicode_ci NOT NULL,
  `total_jobs` int NOT NULL,
  `pending_jobs` int NOT NULL,
  `failed_jobs` int NOT NULL,
  `failed_job_ids` longtext CHARACTER SET utf8mb4 COLLATE utf8mb4_unicode_ci NOT NULL,
  `options` mediumtext CHARACTER SET utf8mb4 COLLATE utf8mb4_unicode_ci,
  `cancelled_at` int DEFAULT NULL,
  `created_at` int NOT NULL,
  `finished_at` int DEFAULT NULL,
  PRIMARY KEY (`id`)
) ENGINE=InnoDB DEFAULT CHARSET=utf8mb4 COLLATE=utf8mb4_unicode_ci;
/*!40101 SET character_set_client = @saved_cs_client */;

--
-- Dumping data for table `job_batches`
--

LOCK TABLES `job_batches` WRITE;
/*!40000 ALTER TABLE `job_batches` DISABLE KEYS */;
/*!40000 ALTER TABLE `job_batches` ENABLE KEYS */;
UNLOCK TABLES;

--
-- Table structure for table `jobs`
--

DROP TABLE IF EXISTS `jobs`;
/*!40101 SET @saved_cs_client     = @@character_set_client */;
/*!50503 SET character_set_client = utf8mb4 */;
CREATE TABLE `jobs` (
  `id` bigint unsigned NOT NULL AUTO_INCREMENT,
  `queue` varchar(255) CHARACTER SET utf8mb4 COLLATE utf8mb4_unicode_ci NOT NULL,
  `payload` longtext CHARACTER SET utf8mb4 COLLATE utf8mb4_unicode_ci NOT NULL,
  `attempts` tinyint unsigned NOT NULL,
  `reserved_at` int unsigned DEFAULT NULL,
  `available_at` int unsigned NOT NULL,
  `created_at` int unsigned NOT NULL,
  PRIMARY KEY (`id`),
  KEY `jobs_queue_index` (`queue`)
) ENGINE=InnoDB AUTO_INCREMENT=14 DEFAULT CHARSET=utf8mb4 COLLATE=utf8mb4_unicode_ci;
/*!40101 SET character_set_client = @saved_cs_client */;

--
-- Dumping data for table `jobs`
--

LOCK TABLES `jobs` WRITE;
/*!40000 ALTER TABLE `jobs` DISABLE KEYS */;
INSERT INTO `jobs` VALUES (1,'ticket-heavy','{\"uuid\":\"353ecfc6-84ba-4a5a-ba30-af04373f010a\",\"displayName\":\"App\\\\Jobs\\\\ProcessTicketAttachmentsJob\",\"job\":\"Illuminate\\\\Queue\\\\CallQueuedHandler@call\",\"maxTries\":null,\"maxExceptions\":null,\"failOnTimeout\":false,\"backoff\":null,\"timeout\":null,\"retryUntil\":null,\"data\":{\"commandName\":\"App\\\\Jobs\\\\ProcessTicketAttachmentsJob\",\"command\":\"O:36:\\\"App\\\\Jobs\\\\ProcessTicketAttachmentsJob\\\":4:{s:8:\\\"ticketId\\\";s:36:\\\"9c8cf72b-7ac9-4cf0-be98-baa03b0a4a4b\\\";s:5:\\\"files\\\";a:1:{i:0;a:3:{s:4:\\\"path\\\";s:56:\\\"tmp\\/tickets\\/lxZtfNUwwpoGy3k20ne11OKYpr37DnP75SKwcZ9f.jpg\\\";s:4:\\\"name\\\";s:36:\\\"17675175123273408481994638066054.jpg\\\";s:4:\\\"mime\\\";s:10:\\\"image\\/jpeg\\\";}}s:6:\\\"userId\\\";s:36:\\\"0196bfbe-0d35-7316-8ecc-fdc872892488\\\";s:5:\\\"queue\\\";s:12:\\\"ticket-heavy\\\";}\"},\"createdAt\":1767517521,\"delay\":null}',0,NULL,1767517521,1767517521),(2,'notification','{\"uuid\":\"f1cd0aa5-3f46-4380-8d4b-348eb80465ef\",\"displayName\":\"App\\\\Jobs\\\\SendTicketWhatsappJob\",\"job\":\"Illuminate\\\\Queue\\\\CallQueuedHandler@call\",\"maxTries\":null,\"maxExceptions\":null,\"failOnTimeout\":false,\"backoff\":null,\"timeout\":30,\"retryUntil\":null,\"data\":{\"commandName\":\"App\\\\Jobs\\\\SendTicketWhatsappJob\",\"command\":\"O:30:\\\"App\\\\Jobs\\\\SendTicketWhatsappJob\\\":2:{s:8:\\\"ticketId\\\";s:36:\\\"9c8cf72b-7ac9-4cf0-be98-baa03b0a4a4b\\\";s:5:\\\"queue\\\";s:12:\\\"notification\\\";}\"},\"createdAt\":1767517521,\"delay\":null}',0,NULL,1767517521,1767517521),(3,'ticket-heavy','{\"uuid\":\"696d4919-05c1-45c1-91d2-214b8e4e06e2\",\"displayName\":\"App\\\\Jobs\\\\ProcessTicketAttachmentsJob\",\"job\":\"Illuminate\\\\Queue\\\\CallQueuedHandler@call\",\"maxTries\":null,\"maxExceptions\":null,\"failOnTimeout\":false,\"backoff\":null,\"timeout\":null,\"retryUntil\":null,\"data\":{\"commandName\":\"App\\\\Jobs\\\\ProcessTicketAttachmentsJob\",\"command\":\"O:36:\\\"App\\\\Jobs\\\\ProcessTicketAttachmentsJob\\\":4:{s:8:\\\"ticketId\\\";s:36:\\\"6d9982d1-e0e8-46e8-a314-879c090b8efa\\\";s:5:\\\"files\\\";a:1:{i:0;a:3:{s:4:\\\"path\\\";s:56:\\\"tmp\\/tickets\\/2u3CGCtiTwQRk5B0hG0TGC0kQyKke6Zuzv9IKjjA.pdf\\\";s:4:\\\"name\\\";s:36:\\\"Form Pengajuan to Finance domain.pdf\\\";s:4:\\\"mime\\\";s:15:\\\"application\\/pdf\\\";}}s:6:\\\"userId\\\";s:36:\\\"0196bfbe-0d35-7316-8ecc-fdc872892488\\\";s:5:\\\"queue\\\";s:12:\\\"ticket-heavy\\\";}\"},\"createdAt\":1767529430,\"delay\":null}',0,NULL,1767529430,1767529430),(4,'notification','{\"uuid\":\"e562497f-6f94-4203-97a2-61e879da48b0\",\"displayName\":\"App\\\\Jobs\\\\SendTicketWhatsappJob\",\"job\":\"Illuminate\\\\Queue\\\\CallQueuedHandler@call\",\"maxTries\":null,\"maxExceptions\":null,\"failOnTimeout\":false,\"backoff\":null,\"timeout\":30,\"retryUntil\":null,\"data\":{\"commandName\":\"App\\\\Jobs\\\\SendTicketWhatsappJob\",\"command\":\"O:30:\\\"App\\\\Jobs\\\\SendTicketWhatsappJob\\\":2:{s:8:\\\"ticketId\\\";s:36:\\\"6d9982d1-e0e8-46e8-a314-879c090b8efa\\\";s:5:\\\"queue\\\";s:12:\\\"notification\\\";}\"},\"createdAt\":1767529430,\"delay\":null}',0,NULL,1767529430,1767529430),(5,'ticket-heavy','{\"uuid\":\"cbd830c2-0dca-4d23-a986-b657da890e5a\",\"displayName\":\"App\\\\Jobs\\\\ProcessTicketAttachmentsJob\",\"job\":\"Illuminate\\\\Queue\\\\CallQueuedHandler@call\",\"maxTries\":null,\"maxExceptions\":null,\"failOnTimeout\":false,\"backoff\":null,\"timeout\":null,\"retryUntil\":null,\"data\":{\"commandName\":\"App\\\\Jobs\\\\ProcessTicketAttachmentsJob\",\"command\":\"O:36:\\\"App\\\\Jobs\\\\ProcessTicketAttachmentsJob\\\":4:{s:8:\\\"ticketId\\\";s:36:\\\"7603b2a6-1313-4d3b-b000-93caa6193d24\\\";s:5:\\\"files\\\";a:1:{i:0;a:3:{s:4:\\\"path\\\";s:56:\\\"tmp\\/tickets\\/u46EBGWXY4tUpirBezekODIy5sogC9qwYJGZy9bj.jpg\\\";s:4:\\\"name\\\";s:50:\\\"WhatsApp Image 2025-11-07 at 11.42.01_5225b8d4.jpg\\\";s:4:\\\"mime\\\";s:10:\\\"image\\/jpeg\\\";}}s:6:\\\"userId\\\";s:36:\\\"0196bfbe-0d35-7316-8ecc-fdc872892488\\\";s:5:\\\"queue\\\";s:12:\\\"ticket-heavy\\\";}\"},\"createdAt\":1767530321,\"delay\":null}',0,NULL,1767530321,1767530321),(6,'notification','{\"uuid\":\"c7269ac5-639d-47ca-af79-526594690209\",\"displayName\":\"App\\\\Jobs\\\\SendTicketWhatsappJob\",\"job\":\"Illuminate\\\\Queue\\\\CallQueuedHandler@call\",\"maxTries\":null,\"maxExceptions\":null,\"failOnTimeout\":false,\"backoff\":null,\"timeout\":30,\"retryUntil\":null,\"data\":{\"commandName\":\"App\\\\Jobs\\\\SendTicketWhatsappJob\",\"command\":\"O:30:\\\"App\\\\Jobs\\\\SendTicketWhatsappJob\\\":2:{s:8:\\\"ticketId\\\";s:36:\\\"7603b2a6-1313-4d3b-b000-93caa6193d24\\\";s:5:\\\"queue\\\";s:12:\\\"notification\\\";}\"},\"createdAt\":1767530321,\"delay\":null}',0,NULL,1767530321,1767530321),(7,'ticket-heavy','{\"uuid\":\"797e2162-b4f2-4001-8325-073953ba1bca\",\"displayName\":\"App\\\\Jobs\\\\ProcessTicketAttachmentsJob\",\"job\":\"Illuminate\\\\Queue\\\\CallQueuedHandler@call\",\"maxTries\":null,\"maxExceptions\":null,\"failOnTimeout\":false,\"backoff\":null,\"timeout\":null,\"retryUntil\":null,\"data\":{\"commandName\":\"App\\\\Jobs\\\\ProcessTicketAttachmentsJob\",\"command\":\"O:36:\\\"App\\\\Jobs\\\\ProcessTicketAttachmentsJob\\\":4:{s:8:\\\"ticketId\\\";s:36:\\\"3e09ff29-9ea8-4cf8-bd4a-5c06c05c4d53\\\";s:5:\\\"files\\\";a:1:{i:0;a:3:{s:4:\\\"path\\\";s:56:\\\"tmp\\/tickets\\/FnOuF5Ro31Nm9LVC5bERm85ksTs0xqCQIpWmCES1.jpg\\\";s:4:\\\"name\\\";s:15:\\\"Kanan Final.jpg\\\";s:4:\\\"mime\\\";s:10:\\\"image\\/jpeg\\\";}}s:6:\\\"userId\\\";s:36:\\\"0196bfbe-0d35-7316-8ecc-fdc872892488\\\";s:5:\\\"queue\\\";s:12:\\\"ticket-heavy\\\";}\"},\"createdAt\":1767530782,\"delay\":null}',0,NULL,1767530782,1767530782),(8,'notification','{\"uuid\":\"5ef497a3-2722-41c8-8451-cd885d9e1a5c\",\"displayName\":\"App\\\\Jobs\\\\SendTicketWhatsappJob\",\"job\":\"Illuminate\\\\Queue\\\\CallQueuedHandler@call\",\"maxTries\":null,\"maxExceptions\":null,\"failOnTimeout\":false,\"backoff\":null,\"timeout\":30,\"retryUntil\":null,\"data\":{\"commandName\":\"App\\\\Jobs\\\\SendTicketWhatsappJob\",\"command\":\"O:30:\\\"App\\\\Jobs\\\\SendTicketWhatsappJob\\\":2:{s:8:\\\"ticketId\\\";s:36:\\\"3e09ff29-9ea8-4cf8-bd4a-5c06c05c4d53\\\";s:5:\\\"queue\\\";s:12:\\\"notification\\\";}\"},\"createdAt\":1767530782,\"delay\":null}',0,NULL,1767530782,1767530782),(9,'ticket-heavy','{\"uuid\":\"9f1f6765-683e-4ad2-a3a3-905c2344f773\",\"displayName\":\"App\\\\Jobs\\\\ProcessTicketAttachmentsJob\",\"job\":\"Illuminate\\\\Queue\\\\CallQueuedHandler@call\",\"maxTries\":3,\"maxExceptions\":null,\"failOnTimeout\":false,\"backoff\":null,\"timeout\":120,\"retryUntil\":null,\"data\":{\"commandName\":\"App\\\\Jobs\\\\ProcessTicketAttachmentsJob\",\"command\":\"O:36:\\\"App\\\\Jobs\\\\ProcessTicketAttachmentsJob\\\":4:{s:8:\\\"ticketId\\\";s:36:\\\"2729a168-14c6-4548-9463-1092709072ec\\\";s:5:\\\"files\\\";a:1:{i:0;a:3:{s:4:\\\"path\\\";s:56:\\\"tmp\\/tickets\\/B4OClPlmftVNeiDM7JAKCDCBPJ35nb9t3Z55dXP0.jpg\\\";s:4:\\\"name\\\";s:36:\\\"17675313269066364100639613260583.jpg\\\";s:4:\\\"mime\\\";s:10:\\\"image\\/jpeg\\\";}}s:6:\\\"userId\\\";s:36:\\\"0196bfbe-0d35-7316-8ecc-fdc872892488\\\";s:5:\\\"queue\\\";s:12:\\\"ticket-heavy\\\";}\"},\"createdAt\":1767531425,\"delay\":null}',0,NULL,1767531425,1767531425),(10,'notification','{\"uuid\":\"b214312a-5000-4073-876c-9e6cde5a6138\",\"displayName\":\"App\\\\Jobs\\\\SendTicketWhatsappJob\",\"job\":\"Illuminate\\\\Queue\\\\CallQueuedHandler@call\",\"maxTries\":null,\"maxExceptions\":null,\"failOnTimeout\":false,\"backoff\":null,\"timeout\":30,\"retryUntil\":null,\"data\":{\"commandName\":\"App\\\\Jobs\\\\SendTicketWhatsappJob\",\"command\":\"O:30:\\\"App\\\\Jobs\\\\SendTicketWhatsappJob\\\":2:{s:8:\\\"ticketId\\\";s:36:\\\"2729a168-14c6-4548-9463-1092709072ec\\\";s:5:\\\"queue\\\";s:12:\\\"notification\\\";}\"},\"createdAt\":1767531425,\"delay\":null}',0,NULL,1767531425,1767531425),(11,'notification','{\"uuid\":\"c185e6c4-e481-411f-9c48-fcc0bf507bf5\",\"displayName\":\"App\\\\Jobs\\\\SendTicketWhatsappJob\",\"job\":\"Illuminate\\\\Queue\\\\CallQueuedHandler@call\",\"maxTries\":null,\"maxExceptions\":null,\"failOnTimeout\":false,\"backoff\":null,\"timeout\":30,\"retryUntil\":null,\"data\":{\"commandName\":\"App\\\\Jobs\\\\SendTicketWhatsappJob\",\"command\":\"O:30:\\\"App\\\\Jobs\\\\SendTicketWhatsappJob\\\":4:{s:8:\\\"ticketId\\\";s:36:\\\"9d5385e8-e1da-4187-9c22-6ebecfd0f7b9\\\";s:9:\\\"oldStatus\\\";N;s:5:\\\"queue\\\";s:12:\\\"notification\\\";s:11:\\\"afterCommit\\\";b:1;}\"},\"createdAt\":1769924110,\"delay\":null}',0,NULL,1769924110,1769924110),(12,'notification','{\"uuid\":\"60abc874-7bd1-4fc8-8e3d-0875ef46c5d2\",\"displayName\":\"App\\\\Jobs\\\\SendTicketWhatsappJob\",\"job\":\"Illuminate\\\\Queue\\\\CallQueuedHandler@call\",\"maxTries\":null,\"maxExceptions\":null,\"failOnTimeout\":false,\"backoff\":null,\"timeout\":30,\"retryUntil\":null,\"data\":{\"commandName\":\"App\\\\Jobs\\\\SendTicketWhatsappJob\",\"command\":\"O:30:\\\"App\\\\Jobs\\\\SendTicketWhatsappJob\\\":4:{s:8:\\\"ticketId\\\";s:36:\\\"1618cbe1-5065-4ac0-a7af-240dd9b1bb82\\\";s:9:\\\"oldStatus\\\";N;s:5:\\\"queue\\\";s:12:\\\"notification\\\";s:11:\\\"afterCommit\\\";b:1;}\"},\"createdAt\":1769988562,\"delay\":null}',0,NULL,1769988562,1769988562),(13,'notification','{\"uuid\":\"d1bd108d-8123-4c97-8e5f-55687c804df7\",\"displayName\":\"App\\\\Jobs\\\\SendTicketWhatsappJob\",\"job\":\"Illuminate\\\\Queue\\\\CallQueuedHandler@call\",\"maxTries\":null,\"maxExceptions\":null,\"failOnTimeout\":false,\"backoff\":null,\"timeout\":30,\"retryUntil\":null,\"data\":{\"commandName\":\"App\\\\Jobs\\\\SendTicketWhatsappJob\",\"command\":\"O:30:\\\"App\\\\Jobs\\\\SendTicketWhatsappJob\\\":4:{s:8:\\\"ticketId\\\";s:36:\\\"187169db-7ddc-4a38-9e46-84a3a7eafdc3\\\";s:9:\\\"oldStatus\\\";N;s:5:\\\"queue\\\";s:12:\\\"notification\\\";s:11:\\\"afterCommit\\\";b:1;}\"},\"createdAt\":1775790249,\"delay\":null}',0,NULL,1775790249,1775790249);
/*!40000 ALTER TABLE `jobs` ENABLE KEYS */;
UNLOCK TABLES;

--
-- Table structure for table `migrations`
--

DROP TABLE IF EXISTS `migrations`;
/*!40101 SET @saved_cs_client     = @@character_set_client */;
/*!50503 SET character_set_client = utf8mb4 */;
CREATE TABLE `migrations` (
  `id` int unsigned NOT NULL AUTO_INCREMENT,
  `migration` varchar(255) CHARACTER SET utf8mb4 COLLATE utf8mb4_unicode_ci NOT NULL,
  `batch` int NOT NULL,
  PRIMARY KEY (`id`)
) ENGINE=InnoDB AUTO_INCREMENT=29 DEFAULT CHARSET=utf8mb4 COLLATE=utf8mb4_unicode_ci;
/*!40101 SET character_set_client = @saved_cs_client */;

--
-- Dumping data for table `migrations`
--

LOCK TABLES `migrations` WRITE;
/*!40000 ALTER TABLE `migrations` DISABLE KEYS */;
INSERT INTO `migrations` VALUES (1,'0001_01_01_000000_create_users_table',1),(2,'0001_01_01_000001_create_cache_table',1),(3,'0001_01_01_000002_create_jobs_table',1),(4,'2025_12_11_051446_create_permission_tables',1),(6,'2025_12_26_100525_create_ticketattachment_tables',2),(7,'2025_12_26_173203_add_queue_number_to_ticket_tables',2),(8,'2025_12_27_045249_add_attachment_fields_to_ticket_tables',2),(9,'2025_12_28_050516_add_executor_priority_to_ticket_tables',3),(10,'2025_12_28_051656_add_estimation_to_ticket_tables',3),(11,'2026_01_01_163109_create_tickets_reviews',4),(12,'2026_01_14_034806_add_progressed_at_to_tickets_table',5),(16,'2025_12_26_094653_create_ticket_tables',2),(17,'2026_01_31_191116_add_last_overdue_reminder_at_to_ticket_tables',6),(18,'2026_02_01_115245_add_estimation_to_to_ticket_tables',7),(19,'2026_04_05_151414_add_duration_to_ticket_tables',8),(20,'2026_04_05_151611_add_google_drive_columns_to_ticket_attachment',8),(21,'2026_04_05_151726_create_ticket_executor_attachments_table',8),(22,'2026_04_05_151840_add_status_to_ticket_attachment',8),(23,'2026_04_05_151934_add_status_to_ticket_executor_attachments',8),(24,'2026_04_05_152016_add_queue_date_to_ticket_tables',8),(25,'2026_04_05_152433_add_activate_role_tix_on_hrx_to_users',8),(26,'2026_04_05_152518_add_all_roles_tix_on_hrx_to_users',8),(27,'2026_04_05_153727_add_sub_category_to_ticket_tables',9),(28,'2026_04_10_105220_add_remark_to_ticket_tables',10);
/*!40000 ALTER TABLE `migrations` ENABLE KEYS */;
UNLOCK TABLES;

--
-- Table structure for table `model_has_permissions`
--

DROP TABLE IF EXISTS `model_has_permissions`;
/*!40101 SET @saved_cs_client     = @@character_set_client */;
/*!50503 SET character_set_client = utf8mb4 */;
CREATE TABLE `model_has_permissions` (
  `permission_id` bigint unsigned NOT NULL,
  `model_type` varchar(255) CHARACTER SET utf8mb4 COLLATE utf8mb4_unicode_ci NOT NULL,
  `model_id` bigint unsigned NOT NULL,
  PRIMARY KEY (`permission_id`,`model_id`,`model_type`),
  KEY `model_has_permissions_model_id_model_type_index` (`model_id`,`model_type`),
  CONSTRAINT `model_has_permissions_permission_id_foreign` FOREIGN KEY (`permission_id`) REFERENCES `permissions` (`id`) ON DELETE CASCADE
) ENGINE=InnoDB DEFAULT CHARSET=utf8mb4 COLLATE=utf8mb4_unicode_ci;
/*!40101 SET character_set_client = @saved_cs_client */;

--
-- Dumping data for table `model_has_permissions`
--

LOCK TABLES `model_has_permissions` WRITE;
/*!40000 ALTER TABLE `model_has_permissions` DISABLE KEYS */;
/*!40000 ALTER TABLE `model_has_permissions` ENABLE KEYS */;
UNLOCK TABLES;

--
-- Table structure for table `model_has_roles`
--

DROP TABLE IF EXISTS `model_has_roles`;
/*!40101 SET @saved_cs_client     = @@character_set_client */;
/*!50503 SET character_set_client = utf8mb4 */;
CREATE TABLE `model_has_roles` (
  `role_id` bigint unsigned NOT NULL,
  `model_type` varchar(255) CHARACTER SET utf8mb4 COLLATE utf8mb4_unicode_ci NOT NULL,
  `model_id` varchar(255) CHARACTER SET utf8mb4 COLLATE utf8mb4_unicode_ci NOT NULL,
  PRIMARY KEY (`role_id`,`model_id`,`model_type`),
  KEY `model_has_roles_model_id_model_type_index` (`model_id`,`model_type`),
  CONSTRAINT `model_has_roles_role_id_foreign` FOREIGN KEY (`role_id`) REFERENCES `roles` (`id`) ON DELETE CASCADE
) ENGINE=InnoDB DEFAULT CHARSET=utf8mb4 COLLATE=utf8mb4_unicode_ci;
/*!40101 SET character_set_client = @saved_cs_client */;

--
-- Dumping data for table `model_has_roles`
--

LOCK TABLES `model_has_roles` WRITE;
/*!40000 ALTER TABLE `model_has_roles` DISABLE KEYS */;
INSERT INTO `model_has_roles` VALUES (1,'App\\Models\\User','0196bfbe-0d35-7316-8ecc-fdc872892488'),(1,'App\\Models\\User','0196bfbe-0d9f-723c-a395-7a3c26886165'),(3,'App\\Models\\User','0196bfbe-0dd5-703d-be34-74b9124e9556'),(1,'App\\Models\\User','0196bfbe-0e0b-7225-8d19-b982ddc62b38'),(1,'App\\Models\\User','0196bfbe-0e41-72d1-915a-39e008f3c569'),(1,'App\\Models\\User','0196bfbe-0e76-7329-beae-3244856317c7'),(1,'App\\Models\\User','0196bfbe-0eab-7009-8d47-4d0a8dd6b364'),(1,'App\\Models\\User','0196bfbe-0edf-7192-89e8-b0a49204efff'),(1,'App\\Models\\User','0196bfbe-0f14-726f-a256-ed161d50411a'),(1,'App\\Models\\User','0196bfbe-0f48-7355-894f-09a92e44eb5c'),(1,'App\\Models\\User','0196bfbe-0f7d-7042-9d74-d3bb4435de0f'),(1,'App\\Models\\User','0196bfbe-0fb1-72a2-8fa7-ebb7a0d48ee1'),(1,'App\\Models\\User','0196bfbe-0fe5-7125-a380-d82e5f95cf59'),(1,'App\\Models\\User','0196bfbe-1050-729d-844f-3425064540ae'),(1,'App\\Models\\User','0196bfbe-10b8-7036-86d2-96b3af4b541a'),(1,'App\\Models\\User','0196bfbe-1155-7163-88cc-0a17e712ec63'),(1,'App\\Models\\User','0196bfbe-1188-7117-9aea-17568c04960f'),(1,'App\\Models\\User','0196bfbe-11bd-739a-8ddf-1eba6e7a3911'),(2,'App\\Models\\User','0196bfbe-1225-710b-a73e-10dfd73bcde5'),(3,'App\\Models\\User','0196bfbe-1225-710b-a73e-10dfd73bcde5'),(1,'App\\Models\\User','0196bfbe-128e-727c-9853-1dafcebd5b85'),(1,'App\\Models\\User','0196bfbe-12c2-71fc-a6f8-dbe1487c03da'),(1,'App\\Models\\User','0196bfbe-12f7-710a-8d3e-33a0ccdd9b19'),(1,'App\\Models\\User','0196bfbe-132b-72e9-b789-c3b01215e597'),(1,'App\\Models\\User','0196bfbe-135f-722f-94ba-d97cad21d6ff'),(1,'App\\Models\\User','01973966-377f-7383-aba0-56ac6c85a757'),(1,'App\\Models\\User','01973966-3832-708d-97ba-73101658852f'),(1,'App\\Models\\User','01973966-386e-72a6-8474-4443ebe80c03'),(1,'App\\Models\\User','01973966-3919-70df-95fc-f86f86ad0d3f'),(1,'App\\Models\\User','01973966-3952-70f5-aaa8-436fbb04cc0d'),(1,'App\\Models\\User','01973966-39f9-707d-8e5c-5338cdb54152'),(1,'App\\Models\\User','01973966-3a69-7293-a29b-a7ec4ddc2857'),(1,'App\\Models\\User','01973966-3aa5-70c8-b33b-653a752a290f'),(1,'App\\Models\\User','01973966-3cdb-704d-bd76-9bef9fed16a2'),(1,'App\\Models\\User','01973966-3d13-70da-815e-17a62d8b3bfe'),(1,'App\\Models\\User','01973966-3d4a-730a-bf49-062ff0809e4b'),(1,'App\\Models\\User','01973966-3d83-7373-85ec-7e801556ad14'),(1,'App\\Models\\User','01973966-3df2-7036-9f04-459e3d29ccaa'),(1,'App\\Models\\User','01973966-3e29-711e-9cc4-102f856056ee'),(1,'App\\Models\\User','01973a1c-8506-72e7-be52-ddf0e91dc1de'),(1,'App\\Models\\User','01973a24-3e78-716f-8700-2f79d0556587'),(1,'App\\Models\\User','01973ee7-0698-7170-a849-68d8061906a7'),(1,'App\\Models\\User','019747cb-670b-72b1-8f23-47eb450bf771'),(1,'App\\Models\\User','019747cb-6819-726a-a0cc-ec07ca0ee0e5'),(1,'App\\Models\\User','019747cb-6872-70ca-a6f0-9f158b47b2bd'),(1,'App\\Models\\User','019747cb-68cc-71f6-8d99-952ba39dd683'),(1,'App\\Models\\User','019747cb-6925-71ec-b7c4-84cd0d08556b'),(1,'App\\Models\\User','019747cb-697d-7283-bc34-8e2a3ccbbe01'),(1,'App\\Models\\User','019747cb-6a2f-72a0-84d4-4403ce4a56e5'),(1,'App\\Models\\User','019747cb-6b95-7382-848c-4b3536b7a7fc'),(1,'App\\Models\\User','019747cb-6bee-7112-90be-cdaf0e5e5a5a'),(1,'App\\Models\\User','019747cb-6c6c-72cd-9546-b257e7d5ac0d'),(1,'App\\Models\\User','019747cb-6cc3-73c6-ac82-4245c83fb6f8'),(1,'App\\Models\\User','019747cb-6d78-71f3-9d0f-1080ec5eb75d'),(1,'App\\Models\\User','019747cb-6e2e-728c-a577-5b37f8b26630'),(1,'App\\Models\\User','019747cb-6ff4-72f0-aefd-19196064eb59'),(1,'App\\Models\\User','019747cb-726f-71cc-960f-6d94795b4991'),(1,'App\\Models\\User','019747cb-737d-72ff-9558-6cfa0d311f39'),(1,'App\\Models\\User','019747cb-73d8-70f1-a4cb-cc202d96e0f2'),(1,'App\\Models\\User','019747cb-7431-723c-a71d-593dc9970981'),(1,'App\\Models\\User','019747cb-748a-71a6-9c24-b601947792e2'),(1,'App\\Models\\User','019747cb-7593-721c-868f-b3793fabde4c'),(1,'App\\Models\\User','019747cb-7649-73ca-bd50-28669e6208bf'),(1,'App\\Models\\User','019747cb-76fb-705e-be72-6607575bac5c'),(1,'App\\Models\\User','019747cb-77af-71b6-b2f8-3fb71b3339b0'),(1,'App\\Models\\User','0197525d-a262-72d7-bac8-de42589d9e11'),(1,'App\\Models\\User','0197525d-a2bc-72ca-8c54-0bbab60d43b5'),(1,'App\\Models\\User','0197525d-a4b2-7119-a883-e93ca3187eab'),(1,'App\\Models\\User','0197525d-a510-721a-925a-59ecb6222c55'),(1,'App\\Models\\User','019752be-0432-724f-bea2-9865f4ab2fc6'),(1,'App\\Models\\User','019752be-0543-703c-9c59-5e20ee0b9297'),(1,'App\\Models\\User','019752be-06a8-71e4-bbf2-f16e702f9201'),(1,'App\\Models\\User','019752be-0a90-70db-92cc-9b47d1dd6562'),(1,'App\\Models\\User','019752be-0aee-7304-b635-8585ad26d24b'),(1,'App\\Models\\User','019752be-0c03-723b-b890-e3f1479dca85'),(1,'App\\Models\\User','019752cd-ce7c-71e4-ba66-b87eaf2cf16b'),(1,'App\\Models\\User','0197530b-5dac-7212-86ee-a82106f5a8a8'),(1,'App\\Models\\User','01975932-0eac-703b-a349-b183a37e4e64'),(1,'App\\Models\\User','01975c3d-9800-728b-baff-be3f40b9b4e3'),(1,'App\\Models\\User','01975c3d-98b3-706e-8873-0f43a2af9273'),(1,'App\\Models\\User','01975c3d-990e-73e1-bd64-6c716468330c'),(1,'App\\Models\\User','01975c3d-9968-709f-8da1-b3bbe8213aa1'),(1,'App\\Models\\User','01975c3d-9a79-7106-8753-bf4dcd39a760'),(1,'App\\Models\\User','01975c3d-9b2f-7317-9b12-21e17c2af0de'),(1,'App\\Models\\User','01975c3d-9be8-72a4-ab95-3c1ec59d9430'),(1,'App\\Models\\User','01975c3d-9c45-7028-9702-75e357124d6f'),(1,'App\\Models\\User','01975c3d-9d52-7227-9360-befe285f32e8'),(1,'App\\Models\\User','01975c3d-9e02-70c3-bb21-62728c8ffd31'),(1,'App\\Models\\User','01975e6c-66da-73cc-8960-35793cce4a1e'),(1,'App\\Models\\User','01975e6c-6962-72fc-b2c8-f2e5bcf1aca2'),(1,'App\\Models\\User','01975e6c-6a1b-71f6-9ee0-e961c9d80359'),(1,'App\\Models\\User','01975e6c-6ca1-71a0-93a5-858be7b1e371'),(1,'App\\Models\\User','01975e6c-6f7b-7138-a9b1-8eec07fb1004'),(1,'App\\Models\\User','01975e6c-7033-71c9-bcdf-7afa9d4ffcab'),(1,'App\\Models\\User','01975e6c-71a1-730f-a712-6a36c02950f8'),(1,'App\\Models\\User','01975e6c-722d-70f3-8794-616a5ddb5c44'),(1,'App\\Models\\User','01975e6c-7343-7264-bf8b-1b034775e1da'),(1,'App\\Models\\User','01975e6c-739e-719e-903c-b2095c851326'),(1,'App\\Models\\User','01975e6c-7456-73a2-890e-50cdb342d9c6'),(1,'App\\Models\\User','01975e6c-74b3-73fd-aae3-8e12393efed0'),(1,'App\\Models\\User','01975e6c-750f-72b7-810d-6ecb2cf0b4b7'),(1,'App\\Models\\User','01975e6c-7798-7304-b107-55aa0162fcaa'),(1,'App\\Models\\User','01975e6c-784e-726a-b3f0-75632ff47763'),(1,'App\\Models\\User','01975e7b-0034-7323-af34-3b8ad36eb01c'),(1,'App\\Models\\User','01975e7b-008f-7287-a256-445e6c3a907d'),(1,'App\\Models\\User','01976737-2c6f-70bc-9b3b-b71ed5de3a8e'),(1,'App\\Models\\User','01976737-2d19-7159-8fe8-af6da8d5eb93'),(1,'App\\Models\\User','01976737-2e67-7067-8289-7cf2de08fef1'),(1,'App\\Models\\User','01976737-2f13-7079-b993-51126cf2ea78'),(1,'App\\Models\\User','01976737-3066-724b-9552-2f1322413a7b'),(1,'App\\Models\\User','01976737-310c-7235-a4be-15185ad1d6cc'),(1,'App\\Models\\User','01976737-31b5-7163-bfac-1d127e164c76'),(1,'App\\Models\\User','01976737-325e-7007-a9bf-3597d79855d5'),(1,'App\\Models\\User','01976737-33b4-7095-b135-b426df50ed5f'),(1,'App\\Models\\User','01976737-35aa-7153-add0-c1293915137b'),(1,'App\\Models\\User','01976737-3654-7086-8ae5-534fe2aa461c'),(1,'App\\Models\\User','01976737-38f7-71dc-814c-3312a87e9fe7'),(1,'App\\Models\\User','01976755-2d25-7123-8329-e36c4cf375da'),(1,'App\\Models\\User','0197b4e6-46a6-71b8-8fce-dd13858cc5fe'),(1,'App\\Models\\User','0197b561-f3d0-73da-b31c-442798230e5f'),(1,'App\\Models\\User','0197b574-7e2c-72e7-876e-0637eb828c1c'),(1,'App\\Models\\User','0197b5a3-b151-7144-894d-1e5b631d67c9'),(1,'App\\Models\\User','0197b5ae-42a2-7269-924b-d21d41c3f3fc'),(1,'App\\Models\\User','0197b5c1-8465-7181-a877-dc62298be2a5'),(1,'App\\Models\\User','0197b5c9-a365-73d3-a6ce-b598accbfaa9'),(3,'App\\Models\\User','0197f855-05bf-7145-803b-b1a7f5b648a2'),(1,'App\\Models\\User','0197f86d-daa3-724b-aae9-ddfa2f02b422'),(1,'App\\Models\\User','01981cd5-552d-7175-8044-934012bd0617'),(1,'App\\Models\\User','01982b9e-7a02-72c7-9382-bf98adafbbe2'),(1,'App\\Models\\User','01982ba2-c5b9-725b-8c42-ce382f3dc302'),(1,'App\\Models\\User','01982bac-1a1a-739e-af73-0388003e59b8'),(1,'App\\Models\\User','01982c12-d447-7269-ba40-dfc7eb3c5186'),(1,'App\\Models\\User','01982c32-bf20-71f3-9bfa-6a0669d62004'),(1,'App\\Models\\User','01982c45-1c16-73ea-97c7-35657dd5c32d'),(1,'App\\Models\\User','0198314f-1c28-70d0-8884-0b2b006433f2'),(1,'App\\Models\\User','0198315b-0f1c-7399-9780-d1d4e772ac40'),(1,'App\\Models\\User','01985f34-307e-70b5-8b61-0259028f7193'),(1,'App\\Models\\User','01985f6b-4fee-72cd-884c-b83ece588304'),(1,'App\\Models\\User','01986e35-2397-7286-9bc1-89d97fa94f7d'),(1,'App\\Models\\User','01986edd-5f05-738d-8cb3-050208d35700'),(1,'App\\Models\\User','01986ee0-95ae-7201-b9d5-34471bf063c3'),(1,'App\\Models\\User','01986ee5-d21b-732f-bcaf-aebf7dbeec67'),(1,'App\\Models\\User','01988d68-00d2-71d8-be02-aaba38a1bb47'),(1,'App\\Models\\User','01988d99-ca22-733f-9795-52b6b2bb21fb'),(1,'App\\Models\\User','019896c1-9abd-737f-9304-de86a631bd7c'),(1,'App\\Models\\User','0198c6d4-622b-731c-b8cd-f95e79818842'),(1,'App\\Models\\User','01990377-9904-72c0-9778-97a3d2f0bbfd'),(1,'App\\Models\\User','019903ce-7ec9-70b1-a1dd-7a3f5acfe140'),(1,'App\\Models\\User','019903f5-ed33-7233-9416-24275c75f198'),(1,'App\\Models\\User','019903fc-fafe-738f-89fb-a07cd4c1e00d'),(1,'App\\Models\\User','01990405-85ef-73ce-9d1b-5e9bf7768c66'),(1,'App\\Models\\User','01990410-57a8-71c3-adeb-06355c0b6e27'),(1,'App\\Models\\User','0199041a-acb5-7353-a8ac-b85a4e8850bc'),(1,'App\\Models\\User','01990421-ab4f-72c5-a6ac-27c9231644d9'),(1,'App\\Models\\User','01990428-8d04-7063-a95a-097987f4c737'),(1,'App\\Models\\User','01990430-e10e-7390-8358-deaf10d8cfc2'),(1,'App\\Models\\User','01994c19-2ec7-701c-9e01-9d227ee6dd95'),(1,'App\\Models\\User','01994c1c-706a-7286-bbc8-99cffc2e3850'),(1,'App\\Models\\User','01994c23-8af2-72e5-a347-aee964726c3a'),(1,'App\\Models\\User','01994c2b-acb5-71ef-a852-d2560998801d'),(1,'App\\Models\\User','01994ca9-a5b1-70cb-8432-c80d28620011'),(1,'App\\Models\\User','019950ad-c6ce-7275-8dcc-de72568b0ef2'),(1,'App\\Models\\User','019950bd-4d76-73d7-a5e2-77565ac5c520'),(1,'App\\Models\\User','01995137-89eb-731b-8cf3-dafc8f6da2c4'),(1,'App\\Models\\User','01996599-f029-7371-baf7-5c6d58770e2b'),(1,'App\\Models\\User','0199659d-8af1-7242-9f7d-3ed82d938d44'),(1,'App\\Models\\User','01997975-87b8-7131-8572-0f133eef13f1'),(1,'App\\Models\\User','01997a59-c783-7121-9703-832edab787eb'),(1,'App\\Models\\User','01997aa1-846b-7379-84f9-366759dc627d'),(1,'App\\Models\\User','01997aa6-4b26-70a5-ac11-9d3a41c663ac'),(1,'App\\Models\\User','01997f9c-578b-71b4-b9b1-6dcfbfc52fd0'),(1,'App\\Models\\User','01999ec7-7177-73b1-9dc2-a6b5d2f5a5f0'),(1,'App\\Models\\User','0199b7ea-7801-705d-946e-16b44c300a9f'),(1,'App\\Models\\User','0199dcca-9b97-7084-8285-23361ec7a182'),(1,'App\\Models\\User','0199f51e-a8e8-732e-8d16-4270b1d10d86'),(1,'App\\Models\\User','0199f523-6c4d-7243-a2d7-ebc95282fa27'),(1,'App\\Models\\User','019a0b1f-73df-7173-a96d-89514e4c280c'),(1,'App\\Models\\User','019a0ff7-ea28-71f2-8622-d0a303260260'),(1,'App\\Models\\User','019a1004-b69a-72a1-ba02-b4149c1af137'),(1,'App\\Models\\User','019a100a-df77-73b7-a2e7-b7e2e0497452'),(1,'App\\Models\\User','019a100f-be8a-704f-8494-e19f342c3f72'),(1,'App\\Models\\User','019a2355-5717-71cf-96c8-06e79a7d0047'),(1,'App\\Models\\User','019a2f11-0ea5-7060-b94f-93914a300d4e'),(1,'App\\Models\\User','019a531b-3256-73e0-9fd9-b8753b39008e'),(1,'App\\Models\\User','019a531e-5ac2-73a3-84e2-a9e73f7997ba'),(1,'App\\Models\\User','019a532e-fda2-7037-a864-773d8d6a5db1'),(1,'App\\Models\\User','019a5337-1b89-70c7-9c01-bdf24381f574'),(1,'App\\Models\\User','019a5372-1a87-726b-b17b-a64fd87d6d40'),(1,'App\\Models\\User','019a5374-f70a-7048-9572-9b059fb8134b'),(1,'App\\Models\\User','019a71aa-b3c7-72e1-87c6-634c4e65ead6'),(1,'App\\Models\\User','019a71ae-d9ac-735d-81be-b97959b91be4'),(1,'App\\Models\\User','019a8f8c-a868-7329-90ea-a89d1b9e2d84'),(1,'App\\Models\\User','019a8fb8-3612-7186-9672-65f603b6da7b'),(1,'App\\Models\\User','019a9f56-3d2a-73cd-9290-ff3781d6014d'),(1,'App\\Models\\User','019aa560-4344-724b-bba5-3bcf3c3062ce'),(1,'App\\Models\\User','019aa595-9c7f-714a-b83f-5ee42ba0232a'),(1,'App\\Models\\User','019ab91f-68dc-7339-a6ba-a9f8de1d1c15'),(1,'App\\Models\\User','019aba21-4f1c-7396-b734-d52156e3ec9d'),(1,'App\\Models\\User','019abea0-4f6a-73ef-a553-f4ec51d21cc3'),(1,'App\\Models\\User','019abeef-fa27-7344-94f4-0543dcffd9f8'),(1,'App\\Models\\User','019ad7dd-c4f8-70d4-8197-5597c224d414'),(1,'App\\Models\\User','019aec22-ed16-71c3-a264-87ee60472a1c'),(1,'App\\Models\\User','019b0648-b691-71b1-beb6-a3ce38971c57'),(1,'App\\Models\\User','019b064c-a7bf-732b-9182-2be08e16665d'),(1,'App\\Models\\User','019b06c3-422d-7001-8471-baca850b1230'),(1,'App\\Models\\User','019b06ce-4d35-72c2-bfdf-08b91a300a1a'),(1,'App\\Models\\User','019b1181-9a55-7144-b1a0-d697fd7e268e'),(1,'App\\Models\\User','019b1fec-fd73-7132-b7e2-87a274ff9ce7'),(1,'App\\Models\\User','019b2a4d-ab91-7072-9851-f51583f15367'),(1,'App\\Models\\User','019b353c-1104-7252-947d-f1e693c6d14d'),(1,'App\\Models\\User','019b357e-8742-71bc-8ad5-f9a629ec8fa6'),(1,'App\\Models\\User','019b468e-81e3-7296-84c3-22c1f95e4ce8'),(1,'App\\Models\\User','019b4690-901f-7222-8f55-0948252af149'),(1,'App\\Models\\User','019b6824-de12-71b1-af2a-0a6504eb94c0'),(1,'App\\Models\\User','019b682a-f977-71a4-bb33-786a7d62d8e4'),(1,'App\\Models\\User','019b7c8a-c906-713d-97b8-ce3915dac2ed'),(1,'App\\Models\\User','019b7cb2-92ea-7316-92fa-2dc73ca03fb7'),(1,'App\\Models\\User','019b8c9f-cc02-7017-b392-bc23aa362346'),(1,'App\\Models\\User','019b8cdb-161b-734d-9886-2a3acd45fca0'),(1,'App\\Models\\User','019b91f9-c0f7-7150-abef-8d0e815eaa8f'),(1,'App\\Models\\User','019b9652-51b7-7019-85e3-2e23d86e2262'),(1,'App\\Models\\User','019b9658-e83f-709f-bc1c-bffa78144b8f'),(1,'App\\Models\\User','019b9664-ce2d-7242-a7b6-264bccf95717'),(1,'App\\Models\\User','019b9703-f06a-7302-9c46-05470c317b11'),(1,'App\\Models\\User','019b9cd4-7a47-713e-9037-eaa67e01e7f6'),(1,'App\\Models\\User','019bb663-1e7f-7366-9328-87b0afdbc59d'),(1,'App\\Models\\User','019bbf37-713d-7110-94f4-66be95c5575e'),(1,'App\\Models\\User','019bbf3b-5db0-7144-bb89-084af1a82d9d'),(3,'App\\Models\\User','019bbfa6-ab6e-7028-8178-2c8f8e7a961d'),(1,'App\\Models\\User','019bf7de-8b78-7130-a735-aa0560913631'),(1,'App\\Models\\User','019bf950-5345-70eb-ad6c-24b93be46a48');
/*!40000 ALTER TABLE `model_has_roles` ENABLE KEYS */;
UNLOCK TABLES;

--
-- Table structure for table `password_reset_tokens`
--

DROP TABLE IF EXISTS `password_reset_tokens`;
/*!40101 SET @saved_cs_client     = @@character_set_client */;
/*!50503 SET character_set_client = utf8mb4 */;
CREATE TABLE `password_reset_tokens` (
  `email` varchar(255) CHARACTER SET utf8mb4 COLLATE utf8mb4_unicode_ci NOT NULL,
  `token` varchar(255) CHARACTER SET utf8mb4 COLLATE utf8mb4_unicode_ci NOT NULL,
  `created_at` timestamp NULL DEFAULT NULL,
  PRIMARY KEY (`email`)
) ENGINE=InnoDB DEFAULT CHARSET=utf8mb4 COLLATE=utf8mb4_unicode_ci;
/*!40101 SET character_set_client = @saved_cs_client */;

--
-- Dumping data for table `password_reset_tokens`
--

LOCK TABLES `password_reset_tokens` WRITE;
/*!40000 ALTER TABLE `password_reset_tokens` DISABLE KEYS */;
/*!40000 ALTER TABLE `password_reset_tokens` ENABLE KEYS */;
UNLOCK TABLES;

--
-- Table structure for table `permissions`
--

DROP TABLE IF EXISTS `permissions`;
/*!40101 SET @saved_cs_client     = @@character_set_client */;
/*!50503 SET character_set_client = utf8mb4 */;
CREATE TABLE `permissions` (
  `id` bigint unsigned NOT NULL AUTO_INCREMENT,
  `name` varchar(255) CHARACTER SET utf8mb4 COLLATE utf8mb4_unicode_ci NOT NULL,
  `guard_name` varchar(255) CHARACTER SET utf8mb4 COLLATE utf8mb4_unicode_ci NOT NULL,
  `created_at` timestamp NULL DEFAULT NULL,
  `updated_at` timestamp NULL DEFAULT NULL,
  PRIMARY KEY (`id`),
  UNIQUE KEY `permissions_name_guard_name_unique` (`name`,`guard_name`)
) ENGINE=InnoDB DEFAULT CHARSET=utf8mb4 COLLATE=utf8mb4_unicode_ci;
/*!40101 SET character_set_client = @saved_cs_client */;

--
-- Dumping data for table `permissions`
--

LOCK TABLES `permissions` WRITE;
/*!40000 ALTER TABLE `permissions` DISABLE KEYS */;
/*!40000 ALTER TABLE `permissions` ENABLE KEYS */;
UNLOCK TABLES;

--
-- Table structure for table `role_has_permissions`
--

DROP TABLE IF EXISTS `role_has_permissions`;
/*!40101 SET @saved_cs_client     = @@character_set_client */;
/*!50503 SET character_set_client = utf8mb4 */;
CREATE TABLE `role_has_permissions` (
  `permission_id` bigint unsigned NOT NULL,
  `role_id` bigint unsigned NOT NULL,
  PRIMARY KEY (`permission_id`,`role_id`),
  KEY `role_has_permissions_role_id_foreign` (`role_id`),
  CONSTRAINT `role_has_permissions_permission_id_foreign` FOREIGN KEY (`permission_id`) REFERENCES `permissions` (`id`) ON DELETE CASCADE,
  CONSTRAINT `role_has_permissions_role_id_foreign` FOREIGN KEY (`role_id`) REFERENCES `roles` (`id`) ON DELETE CASCADE
) ENGINE=InnoDB DEFAULT CHARSET=utf8mb4 COLLATE=utf8mb4_unicode_ci;
/*!40101 SET character_set_client = @saved_cs_client */;

--
-- Dumping data for table `role_has_permissions`
--

LOCK TABLES `role_has_permissions` WRITE;
/*!40000 ALTER TABLE `role_has_permissions` DISABLE KEYS */;
/*!40000 ALTER TABLE `role_has_permissions` ENABLE KEYS */;
UNLOCK TABLES;

--
-- Table structure for table `roles`
--

DROP TABLE IF EXISTS `roles`;
/*!40101 SET @saved_cs_client     = @@character_set_client */;
/*!50503 SET character_set_client = utf8mb4 */;
CREATE TABLE `roles` (
  `id` bigint unsigned NOT NULL AUTO_INCREMENT,
  `name` varchar(255) CHARACTER SET utf8mb4 COLLATE utf8mb4_unicode_ci NOT NULL,
  `guard_name` varchar(255) CHARACTER SET utf8mb4 COLLATE utf8mb4_unicode_ci NOT NULL,
  `created_at` timestamp NULL DEFAULT NULL,
  `updated_at` timestamp NULL DEFAULT NULL,
  PRIMARY KEY (`id`),
  UNIQUE KEY `roles_name_guard_name_unique` (`name`,`guard_name`)
) ENGINE=InnoDB AUTO_INCREMENT=4 DEFAULT CHARSET=utf8mb4 COLLATE=utf8mb4_unicode_ci;
/*!40101 SET character_set_client = @saved_cs_client */;

--
-- Dumping data for table `roles`
--

LOCK TABLES `roles` WRITE;
/*!40000 ALTER TABLE `roles` DISABLE KEYS */;
INSERT INTO `roles` VALUES (1,'human','web','2025-12-28 20:46:12','2025-12-28 20:46:12'),(2,'admin','web','2025-12-28 20:46:24','2025-12-28 20:46:24'),(3,'executor','web','2025-12-28 20:46:35','2025-12-28 20:46:35');
/*!40000 ALTER TABLE `roles` ENABLE KEYS */;
UNLOCK TABLES;

--
-- Table structure for table `sessions`
--

DROP TABLE IF EXISTS `sessions`;
/*!40101 SET @saved_cs_client     = @@character_set_client */;
/*!50503 SET character_set_client = utf8mb4 */;
CREATE TABLE `sessions` (
  `id` varchar(255) CHARACTER SET utf8mb4 COLLATE utf8mb4_unicode_ci NOT NULL,
  `user_id` bigint unsigned DEFAULT NULL,
  `ip_address` varchar(45) CHARACTER SET utf8mb4 COLLATE utf8mb4_unicode_ci DEFAULT NULL,
  `user_agent` text CHARACTER SET utf8mb4 COLLATE utf8mb4_unicode_ci,
  `payload` longtext CHARACTER SET utf8mb4 COLLATE utf8mb4_unicode_ci NOT NULL,
  `last_activity` int NOT NULL,
  PRIMARY KEY (`id`),
  KEY `sessions_user_id_index` (`user_id`),
  KEY `sessions_last_activity_index` (`last_activity`)
) ENGINE=InnoDB DEFAULT CHARSET=utf8mb4 COLLATE=utf8mb4_unicode_ci;
/*!40101 SET character_set_client = @saved_cs_client */;

--
-- Dumping data for table `sessions`
--

LOCK TABLES `sessions` WRITE;
/*!40000 ALTER TABLE `sessions` DISABLE KEYS */;
INSERT INTO `sessions` VALUES ('MvZiV7GIyxi2SJQi2ehjI34j6JnkexFVTDKjOx0W',NULL,'127.0.0.1','Mozilla/5.0 (Macintosh; Intel Mac OS X 10_15_7) AppleWebKit/537.36 (KHTML, like Gecko) Chrome/144.0.0.0 Safari/537.36','YTozOntzOjY6Il90b2tlbiI7czo0MDoiMldXUE1IUWtaVE9VTmg2UXhRYTBna3VhdVhFYlhFdDRmeTI5dVQ2SyI7czo2OiJfZmxhc2giO2E6Mjp7czozOiJuZXciO2E6MDp7fXM6Mzoib2xkIjthOjA6e319czo5OiJfcHJldmlvdXMiO2E6Mjp7czozOiJ1cmwiO3M6MjE6Imh0dHA6Ly8xMjcuMC4wLjE6ODAwMCI7czo1OiJyb3V0ZSI7czo1OiJsb2dpbiI7fX0=',1769923469);
/*!40000 ALTER TABLE `sessions` ENABLE KEYS */;
UNLOCK TABLES;

--
-- Table structure for table `ticket_attachment`
--

DROP TABLE IF EXISTS `ticket_attachment`;
/*!40101 SET @saved_cs_client     = @@character_set_client */;
/*!50503 SET character_set_client = utf8mb4 */;
CREATE TABLE `ticket_attachment` (
  `id` char(36) CHARACTER SET utf8mb4 COLLATE utf8mb4_unicode_ci NOT NULL,
  `ticket_id` char(36) CHARACTER SET utf8mb4 COLLATE utf8mb4_unicode_ci DEFAULT NULL,
  `user_id` varchar(255) COLLATE utf8mb4_unicode_ci DEFAULT NULL,
  `original_name` varchar(255) COLLATE utf8mb4_unicode_ci DEFAULT NULL,
  `mime_type` varchar(255) COLLATE utf8mb4_unicode_ci DEFAULT NULL,
  `size` bigint unsigned DEFAULT NULL,
  `status` varchar(255) COLLATE utf8mb4_unicode_ci NOT NULL DEFAULT 'pending',
  `drive_file_id` varchar(255) COLLATE utf8mb4_unicode_ci DEFAULT NULL,
  `drive_folder_id` varchar(255) COLLATE utf8mb4_unicode_ci DEFAULT NULL,
  `web_view_link` text COLLATE utf8mb4_unicode_ci,
  `web_content_link` text COLLATE utf8mb4_unicode_ci,
  `file_name` varchar(255) CHARACTER SET utf8mb4 COLLATE utf8mb4_unicode_ci DEFAULT NULL,
  `file_path` varchar(255) CHARACTER SET utf8mb4 COLLATE utf8mb4_unicode_ci DEFAULT NULL,
  `created_at` timestamp NULL DEFAULT NULL,
  `updated_at` timestamp NULL DEFAULT NULL,
  `deleted_at` timestamp NULL DEFAULT NULL,
  PRIMARY KEY (`id`),
  KEY `ticket_attachment_ticket_id_index` (`ticket_id`),
  CONSTRAINT `ticket_attachment_ticket_id_foreign` FOREIGN KEY (`ticket_id`) REFERENCES `ticket_tables` (`id`) ON DELETE CASCADE
) ENGINE=InnoDB DEFAULT CHARSET=utf8mb4 COLLATE=utf8mb4_unicode_ci;
/*!40101 SET character_set_client = @saved_cs_client */;

--
-- Dumping data for table `ticket_attachment`
--

LOCK TABLES `ticket_attachment` WRITE;
/*!40000 ALTER TABLE `ticket_attachment` DISABLE KEYS */;
INSERT INTO `ticket_attachment` VALUES ('03e26503-9805-45d3-9e23-967de5d96ae4','45108f4f-bc15-4c4a-943f-7dec8ffa15dc',NULL,NULL,NULL,NULL,'pending',NULL,NULL,NULL,NULL,'1769135586_my-sis.jpg','ticket/others/20250600284/45108f4f-bc15-4c4a-943f-7dec8ffa15dc/1769135586_my-sis.jpg','2026-01-23 02:33:06','2026-01-23 02:33:06',NULL),('0a759c36-f02e-4662-b1b0-2e1d0cb7f055','38a210e7-0c66-4b2b-8a47-1270abbef211',NULL,NULL,NULL,NULL,'pending',NULL,NULL,NULL,NULL,'1769137150_whatsapp-image-2026-01-23-at-95847-am.jpeg','ticket/network/20251100410/38a210e7-0c66-4b2b-8a47-1270abbef211/1769137150_whatsapp-image-2026-01-23-at-95847-am.jpeg','2026-01-23 02:59:10','2026-01-23 02:59:10',NULL),('11f00b9b-da7d-4041-8fb8-929bed31d2a9','837beb79-8044-4b3f-acd0-d71a98c94585',NULL,NULL,NULL,NULL,'pending',NULL,NULL,NULL,NULL,'1767945361_screenshot-2026-01-09-145533.png','ticket/hardware-software/20251100410/837beb79-8044-4b3f-acd0-d71a98c94585/1767945361_screenshot-2026-01-09-145533.png','2026-01-09 07:56:01','2026-01-09 07:56:01',NULL),('2a6d3f37-200f-40dc-afae-db4a8572cdd7','1e15c925-0059-4ccc-a36e-184cb85109d5',NULL,NULL,NULL,NULL,'pending',NULL,NULL,NULL,NULL,'1768549660_cfde335b-310f-48da-b8d3-511e1a1431f5-1.jfif','ticket/hardware-software/20250600270/1e15c925-0059-4ccc-a36e-184cb85109d5/1768549660_cfde335b-310f-48da-b8d3-511e1a1431f5-1.jfif','2026-01-16 07:47:40','2026-01-16 07:47:40',NULL),('38548e8f-8a64-4091-90e4-bb277a6de9e3','32c03db0-f9da-426a-938a-3a2d43344272',NULL,NULL,NULL,NULL,'pending',NULL,NULL,NULL,NULL,'1767840114_17678400538395044956892100116050.jpg','ticket/hardware-software/20250500007/32c03db0-f9da-426a-938a-3a2d43344272/1767840114_17678400538395044956892100116050.jpg','2026-01-08 02:41:54','2026-01-08 02:41:54',NULL),('4e925070-bf51-45c2-9737-77e4f51d50a9','c14a06d1-f815-4425-9c0e-5b68235cdd59',NULL,NULL,NULL,NULL,'pending',NULL,NULL,NULL,NULL,'1767942338_17679423217408287779459775473212.jpg','ticket/hardware-software/20250600063/c14a06d1-f815-4425-9c0e-5b68235cdd59/1767942338_17679423217408287779459775473212.jpg','2026-01-09 07:05:38','2026-01-09 07:05:38',NULL),('506ec8e8-510f-4761-b734-660bccca798b','3c7bd83f-a150-4485-a94a-01c8c4012f17',NULL,NULL,NULL,NULL,'pending',NULL,NULL,NULL,NULL,'1769057609_whatsapp-image-2026-01-22-at-124401.jpeg','ticket/network/20250600270/3c7bd83f-a150-4485-a94a-01c8c4012f17/1769057609_whatsapp-image-2026-01-22-at-124401.jpeg','2026-01-22 04:53:29','2026-01-22 04:53:29',NULL),('7b9fda69-2e42-4c40-8532-475ef452311b','7469821e-33bd-44b9-912d-682c73012082',NULL,NULL,NULL,NULL,'pending',NULL,NULL,NULL,NULL,'1768812702_screenshot-2026-01-19-164530.png','ticket/account-access/20250600260/7469821e-33bd-44b9-912d-682c73012082/1768812702_screenshot-2026-01-19-164530.png','2026-01-19 08:51:42','2026-01-19 08:51:42',NULL),('7c206473-6bdb-4b2b-a60a-f9b44616e535','4ddfedc3-5fab-4048-a779-97a1cd951f69',NULL,NULL,NULL,NULL,'pending',NULL,NULL,NULL,NULL,'1767841953_17678419097449021638751987374486.jpg','ticket/network/20250500031/4ddfedc3-5fab-4048-a779-97a1cd951f69/1767841953_17678419097449021638751987374486.jpg','2026-01-08 03:12:33','2026-01-08 03:12:33',NULL),('7d984061-8679-44ac-8c09-0e7ea6f79bed','7839098d-ac83-4989-99c3-8170c61033fc',NULL,NULL,NULL,NULL,'pending',NULL,NULL,NULL,NULL,'1767853682_keyboard.jpeg','ticket/hardware-software/20250500016/7839098d-ac83-4989-99c3-8170c61033fc/1767853682_keyboard.jpeg','2026-01-08 06:28:02','2026-01-08 06:28:02',NULL),('7f8a5d7f-e093-473e-af3e-c1495f56124b','0da9562f-e754-47a7-b429-fe8b10226409',NULL,NULL,NULL,NULL,'pending',NULL,NULL,NULL,NULL,'1768794526_17687944806178897088881344623365.jpg','ticket/hardware-software/20250500007/0da9562f-e754-47a7-b429-fe8b10226409/1768794526_17687944806178897088881344623365.jpg','2026-01-19 03:48:46','2026-01-19 03:48:46',NULL),('81150196-4575-432b-81cf-062dca662353','be367c37-e477-4407-8d44-d94e38ab5046',NULL,NULL,NULL,NULL,'pending',NULL,NULL,NULL,NULL,'1768132322_img-20260111-wa0163.jpeg','ticket/hardware-software/20250600078/be367c37-e477-4407-8d44-d94e38ab5046/1768132322_img-20260111-wa0163.jpeg','2026-01-11 11:52:02','2026-01-11 11:52:02',NULL),('836a76f0-fe0a-496a-b645-74f0aeb7b80d','72268e18-6c93-42d2-99e7-f56e6c63a672',NULL,NULL,NULL,NULL,'pending',NULL,NULL,NULL,NULL,'1769402384_20260126-123634.jpg','ticket/hardware-software/20250900373/72268e18-6c93-42d2-99e7-f56e6c63a672/1769402384_20260126-123634.jpg','2026-01-26 04:39:44','2026-01-26 04:39:44',NULL),('964207db-3d46-43de-81b6-bf372e2c009e','7469821e-33bd-44b9-912d-682c73012082',NULL,NULL,NULL,NULL,'pending',NULL,NULL,NULL,NULL,'1768812702_screenshot-2026-01-19-164912.png','ticket/account-access/20250600260/7469821e-33bd-44b9-912d-682c73012082/1768812702_screenshot-2026-01-19-164912.png','2026-01-19 08:51:42','2026-01-19 08:51:42',NULL),('9d4df124-a9b9-449f-80d5-109ef3a03521','26edd9e9-d6b7-4f12-94ed-a5e70bc2adf8',NULL,NULL,NULL,NULL,'pending',NULL,NULL,NULL,NULL,'1767838972_1767838942425.jpg','ticket/hardware-software/20250600127/26edd9e9-d6b7-4f12-94ed-a5e70bc2adf8/1767838972_1767838942425.jpg','2026-01-08 02:22:52','2026-01-08 02:22:52',NULL),('a9a92967-907b-4862-8d4c-0db68e1281ba','51a9a8f8-ad6d-470e-9659-85a4054f056e',NULL,NULL,NULL,NULL,'pending',NULL,NULL,NULL,NULL,'1768274574_176827454700053538636588354682.jpg','ticket/hardware-software/20250600063/51a9a8f8-ad6d-470e-9659-85a4054f056e/1768274574_176827454700053538636588354682.jpg','2026-01-13 03:22:54','2026-01-13 03:22:54',NULL),('aa4bc95d-52e5-4637-8975-050554e860cb','122778a9-ce4f-424d-8661-a805cd9c499e',NULL,NULL,NULL,NULL,'pending',NULL,NULL,NULL,NULL,'1768272231_img-2179.jpeg','ticket/hardware-software/20250600126/122778a9-ce4f-424d-8661-a805cd9c499e/1768272231_img-2179.jpeg','2026-01-13 02:43:51','2026-01-13 02:43:51',NULL),('b3a49fd7-8ea3-4435-835d-ef78caa4f659','4351bf93-8a72-4901-bda1-5955ade71b50',NULL,NULL,NULL,NULL,'pending',NULL,NULL,NULL,NULL,'1768367791_c42c9a74-1e30-431b-baf1-0ed4eaac48d2.jpeg','ticket/hardware-software/20250600171/4351bf93-8a72-4901-bda1-5955ade71b50/1768367791_c42c9a74-1e30-431b-baf1-0ed4eaac48d2.jpeg','2026-01-14 05:16:31','2026-01-14 05:16:31',NULL),('b7263dc1-9242-473d-8b52-c5f818d0466a','105105ac-ee7e-4835-8afd-af56df25cfbc',NULL,NULL,NULL,NULL,'pending',NULL,NULL,NULL,NULL,'1768614247_img-20260117-wa0002.jpg','ticket/hardware-software/20250500007/105105ac-ee7e-4835-8afd-af56df25cfbc/1768614247_img-20260117-wa0002.jpg','2026-01-17 01:44:07','2026-01-17 01:44:07',NULL),('bebc59ef-67f1-4227-8e1c-6fbadfa30543','1d5bad15-4da8-4850-8c4f-9d3dcc03d382',NULL,NULL,NULL,NULL,'pending',NULL,NULL,NULL,NULL,'1768450514_screenshot-2026-01-15-111421.png','ticket/hardware-software/20251100410/1d5bad15-4da8-4850-8c4f-9d3dcc03d382/1768450514_screenshot-2026-01-15-111421.png','2026-01-15 04:15:14','2026-01-15 04:15:14',NULL),('cb25e4c8-2ada-42d0-9e2e-9de13e8cef93','89a8a74d-849d-4351-adef-6e14719e803a',NULL,NULL,NULL,NULL,'pending',NULL,NULL,NULL,NULL,'1768812023_screenshot-2026-01-19-163858.png','ticket/account-access/20250600260/89a8a74d-849d-4351-adef-6e14719e803a/1768812023_screenshot-2026-01-19-163858.png','2026-01-19 08:40:23','2026-01-19 08:40:23',NULL),('cc27dd76-4fc5-444e-bd3e-80b809820197','00b101d1-4e89-46c2-9246-44e8319ff157',NULL,NULL,NULL,NULL,'pending',NULL,NULL,NULL,NULL,'1769246872_img-20260124-wa0043.jpeg','ticket/others/20250900373/00b101d1-4e89-46c2-9246-44e8319ff157/1769246872_img-20260124-wa0043.jpeg','2026-01-24 09:27:53','2026-01-24 09:27:53',NULL),('db7523e6-cdaa-4277-9818-8adaab58ebec','758407c2-dbf4-47ee-a991-8f83c3c77932',NULL,NULL,NULL,NULL,'pending',NULL,NULL,NULL,NULL,'1767942846_screenshot-2026-01-09-141351.png','ticket/network/20251100410/758407c2-dbf4-47ee-a991-8f83c3c77932/1767942846_screenshot-2026-01-09-141351.png','2026-01-09 07:14:06','2026-01-09 07:14:06',NULL),('dd93886a-5647-45a1-ad2f-43086e7dfa91','6726b33e-cd4c-4abf-b190-bf8a76816c1e',NULL,NULL,NULL,NULL,'pending',NULL,NULL,NULL,NULL,'1767842950_17678428989615123796928056429701.jpg','ticket/hardware-software/20250500007/6726b33e-cd4c-4abf-b190-bf8a76816c1e/1767842950_17678428989615123796928056429701.jpg','2026-01-08 03:29:10','2026-01-08 03:29:10',NULL),('dfb7d7d7-dd16-438c-93bd-fce8d552e87b','d5f3a335-5d2c-4273-8c9e-580b318746f4',NULL,NULL,NULL,NULL,'pending',NULL,NULL,NULL,NULL,'1768375388_image.jpg','ticket/hardware-software/20250600126/d5f3a335-5d2c-4273-8c9e-580b318746f4/1768375388_image.jpg','2026-01-14 07:23:09','2026-01-14 07:23:09',NULL),('ef94f8d0-61a4-430f-ba50-70421abd7d75','b293b6f4-9497-4f98-bbd8-330eb7c7aca5',NULL,NULL,NULL,NULL,'pending',NULL,NULL,NULL,NULL,'1768365668_screenshot-2026-01-14-124035.png','ticket/hardware-software/20250500027/b293b6f4-9497-4f98-bbd8-330eb7c7aca5/1768365668_screenshot-2026-01-14-124035.png','2026-01-14 04:41:08','2026-01-14 04:41:08',NULL),('f4b2070f-892e-4e89-9ce6-ca3292de6c40','26605f49-497b-4906-9620-84dda7dfd43d',NULL,NULL,NULL,NULL,'pending',NULL,NULL,NULL,NULL,'1768814590_img-20260114-215625.jpg','ticket/hardware-software/20250600078/26605f49-497b-4906-9620-84dda7dfd43d/1768814590_img-20260114-215625.jpg','2026-01-19 09:23:10','2026-01-19 09:23:10',NULL),('f8676665-7e34-4197-bf5f-8832b4bf3e48','5621cb40-8538-4e95-8d39-b5fd419d4054',NULL,NULL,NULL,NULL,'pending',NULL,NULL,NULL,NULL,'1767860321_screenshot-2026-01-08-161738.png','ticket/others/20250900370/5621cb40-8538-4e95-8d39-b5fd419d4054/1767860321_screenshot-2026-01-08-161738.png','2026-01-08 08:18:41','2026-01-08 08:18:41',NULL),('f890948b-5b60-4395-a4d2-25b475dcd9b1','89a8a74d-849d-4351-adef-6e14719e803a',NULL,NULL,NULL,NULL,'pending',NULL,NULL,NULL,NULL,'1768812023_screenshot-2026-01-19-163955.png','ticket/account-access/20250600260/89a8a74d-849d-4351-adef-6e14719e803a/1768812023_screenshot-2026-01-19-163955.png','2026-01-19 08:40:23','2026-01-19 08:40:23',NULL),('f9e55202-874c-4e3d-b48e-58e227af60a8','f4d8fe42-c33b-4841-94e2-6be2644c1179',NULL,NULL,NULL,NULL,'pending',NULL,NULL,NULL,NULL,'1767942757_img-7143.jpeg','ticket/hardware-software/20250600293/f4d8fe42-c33b-4841-94e2-6be2644c1179/1767942757_img-7143.jpeg','2026-01-09 07:12:37','2026-01-09 07:12:37',NULL),('fc6412ba-cfd6-4798-802f-43a0bb83ce5f','b623b150-7538-422b-89eb-6bfd42871060',NULL,NULL,NULL,NULL,'pending',NULL,NULL,NULL,NULL,'1768795115_img-20260119-wa0010.jpeg','ticket/network/20250900373/b623b150-7538-422b-89eb-6bfd42871060/1768795115_img-20260119-wa0010.jpeg','2026-01-19 03:58:35','2026-01-19 03:58:35',NULL);
/*!40000 ALTER TABLE `ticket_attachment` ENABLE KEYS */;
UNLOCK TABLES;

--
-- Table structure for table `ticket_executor_attachments`
--

DROP TABLE IF EXISTS `ticket_executor_attachments`;
/*!40101 SET @saved_cs_client     = @@character_set_client */;
/*!50503 SET character_set_client = utf8mb4 */;
CREATE TABLE `ticket_executor_attachments` (
  `id` char(36) COLLATE utf8mb4_unicode_ci NOT NULL,
  `ticket_id` varchar(255) COLLATE utf8mb4_unicode_ci NOT NULL,
  `executor_id` varchar(255) COLLATE utf8mb4_unicode_ci NOT NULL,
  `file_name` varchar(255) COLLATE utf8mb4_unicode_ci NOT NULL,
  `file_path` varchar(255) COLLATE utf8mb4_unicode_ci NOT NULL,
  `original_name` varchar(255) COLLATE utf8mb4_unicode_ci NOT NULL,
  `mime_type` varchar(255) COLLATE utf8mb4_unicode_ci NOT NULL,
  `size` bigint unsigned DEFAULT NULL,
  `status` varchar(255) COLLATE utf8mb4_unicode_ci NOT NULL DEFAULT 'pending',
  `drive_file_id` varchar(255) COLLATE utf8mb4_unicode_ci DEFAULT NULL,
  `drive_folder_id` varchar(255) COLLATE utf8mb4_unicode_ci DEFAULT NULL,
  `web_view_link` text COLLATE utf8mb4_unicode_ci,
  `web_content_link` text COLLATE utf8mb4_unicode_ci,
  `created_at` timestamp NULL DEFAULT NULL,
  `updated_at` timestamp NULL DEFAULT NULL,
  `deleted_at` timestamp NULL DEFAULT NULL,
  PRIMARY KEY (`id`)
) ENGINE=InnoDB DEFAULT CHARSET=utf8mb4 COLLATE=utf8mb4_unicode_ci;
/*!40101 SET character_set_client = @saved_cs_client */;

--
-- Dumping data for table `ticket_executor_attachments`
--

LOCK TABLES `ticket_executor_attachments` WRITE;
/*!40000 ALTER TABLE `ticket_executor_attachments` DISABLE KEYS */;
/*!40000 ALTER TABLE `ticket_executor_attachments` ENABLE KEYS */;
UNLOCK TABLES;

--
-- Table structure for table `ticket_tables`
--

DROP TABLE IF EXISTS `ticket_tables`;
/*!40101 SET @saved_cs_client     = @@character_set_client */;
/*!50503 SET character_set_client = utf8mb4 */;
CREATE TABLE `ticket_tables` (
  `id` char(36) CHARACTER SET utf8mb4 COLLATE utf8mb4_unicode_ci NOT NULL,
  `user_id` char(36) CHARACTER SET utf8mb4 COLLATE utf8mb4_unicode_ci DEFAULT NULL,
  `request_uuid` char(36) CHARACTER SET utf8mb4 COLLATE utf8mb4_unicode_ci DEFAULT NULL,
  `title` varchar(150) CHARACTER SET utf8mb4 COLLATE utf8mb4_unicode_ci DEFAULT NULL,
  `category` enum('Hardware & Software','Network','Account & Access','Others') CHARACTER SET utf8mb4 COLLATE utf8mb4_unicode_ci DEFAULT NULL,
  `sub_category` enum('Hardware','Sofware','Connectivity','Infrastructure','Account','Access','General','Others') COLLATE utf8mb4_unicode_ci DEFAULT NULL,
  `remark` varchar(150) COLLATE utf8mb4_unicode_ci NOT NULL DEFAULT 'Project',
  `description` text CHARACTER SET utf8mb4 COLLATE utf8mb4_unicode_ci,
  `attachment_folder` varchar(255) CHARACTER SET utf8mb4 COLLATE utf8mb4_unicode_ci DEFAULT NULL,
  `attachment_url` text CHARACTER SET utf8mb4 COLLATE utf8mb4_unicode_ci,
  `status` enum('Open','Progress','Closed','Overdue') CHARACTER SET utf8mb4 COLLATE utf8mb4_unicode_ci DEFAULT NULL,
  `queue_number` int unsigned DEFAULT NULL,
  `queue_date` date DEFAULT NULL,
  `created_at` timestamp NULL DEFAULT NULL,
  `progressed_at` datetime DEFAULT NULL,
  `last_overdue_reminder_at` datetime DEFAULT NULL,
  `updated_at` timestamp NULL DEFAULT NULL,
  `executor_id` char(36) CHARACTER SET utf8mb4 COLLATE utf8mb4_unicode_ci DEFAULT NULL,
  `priority` enum('Low','Medium','High') CHARACTER SET utf8mb4 COLLATE utf8mb4_unicode_ci DEFAULT NULL,
  `notes_executor` text CHARACTER SET utf8mb4 COLLATE utf8mb4_unicode_ci,
  `estimation` datetime DEFAULT NULL,
  `estimation_to` datetime DEFAULT NULL,
  `duration_type` varchar(255) COLLATE utf8mb4_unicode_ci DEFAULT NULL,
  `duration_value` int DEFAULT NULL,
  `finished` datetime DEFAULT NULL,
  PRIMARY KEY (`id`),
  UNIQUE KEY `ticket_tables_request_uuid_unique` (`request_uuid`),
  UNIQUE KEY `ticket_queue_date_number_unique` (`queue_date`,`queue_number`),
  KEY `ticket_tables_user_id_status_index` (`user_id`,`status`)
) ENGINE=InnoDB DEFAULT CHARSET=utf8mb4 COLLATE=utf8mb4_unicode_ci;
/*!40101 SET character_set_client = @saved_cs_client */;

--
-- Dumping data for table `ticket_tables`
--

LOCK TABLES `ticket_tables` WRITE;
/*!40000 ALTER TABLE `ticket_tables` DISABLE KEYS */;
INSERT INTO `ticket_tables` VALUES ('00b101d1-4e89-46c2-9246-44e8319ff157','01997aa1-846b-7379-84f9-366759dc627d','1bc273e2-7037-41cc-bb77-ad221e71f370','Tv dispalay rte eror','Others',NULL,'Project','Tv rte eror tidak bisa menampilkan menu rte','ticket/others/20250900373/00b101d1-4e89-46c2-9246-44e8319ff157','https://cloud.mjm-bali.co.id/index.php/s/jn5PjpxPsSZ4kf5','Progress',2,'2026-01-24','2026-01-24 09:27:50','2026-01-24 17:39:56',NULL,'2026-02-01 08:02:46','0196bfbe-1225-710b-a73e-10dfd73bcde5','Medium','ditunggu','2026-01-24 21:00:00','2026-02-03 12:00:00',NULL,NULL,NULL),('0da9562f-e754-47a7-b429-fe8b10226409','0196bfbe-0d9f-723c-a395-7a3c26886165','1d5b3737-35d0-48bd-96c1-80eb7b7a0a4f','Siang pak tolong dibantu ga bisa print','Hardware & Software',NULL,'Project','Dibantu cek ga bisa print','ticket/hardware-software/20250500007/0da9562f-e754-47a7-b429-fe8b10226409','https://cloud.mjm-bali.co.id/index.php/s/em6SwDmCSf6Fepi','Closed',2,'2026-01-19','2026-01-19 03:48:45','2026-01-19 18:12:20',NULL,'2026-01-19 10:13:58','0197f855-05bf-7145-803b-b1a7f5b648a2','Low','masalah pada jaringan vpn','2026-01-19 19:00:00',NULL,NULL,NULL,'2026-01-19 18:13:58'),('105105ac-ee7e-4835-8afd-af56df25cfbc','0196bfbe-0d9f-723c-a395-7a3c26886165','70813f76-3892-4f99-8b42-a1e939b988c0','Selamat pagi pak tolong dibantu wifi mjm 2 ga konek ke laptop2','Hardware & Software',NULL,'Project','Wifi mjm2 ga konek ke laptop','ticket/hardware-software/20250500007/105105ac-ee7e-4835-8afd-af56df25cfbc','https://cloud.mjm-bali.co.id/index.php/s/L8xHjqN3okKcf49','Closed',1,'2026-01-17','2026-01-17 01:44:06','2026-01-17 09:58:02',NULL,'2026-01-17 02:20:50','0196bfbe-1225-710b-a73e-10dfd73bcde5','Low','notes masuk ke chrome Dan ketik kan URL 192.168.50.1/login','2026-01-17 10:30:00',NULL,NULL,NULL,'2026-01-17 10:20:50'),('122778a9-ce4f-424d-8661-a805cd9c499e','019747cb-6bee-7112-90be-cdaf0e5e5a5a','47791c6b-0584-475e-b5af-2afa59d5b7ef','TIMBANGAN EROR UJ GATSU','Hardware & Software',NULL,'Project','TULISAN PADA LABEL TIMBANGAN YANG DI PRINT TIDAK PAS DENGAN KERTAS PRINT TIMBANGAN SESUAI DENGAN FOTO YANG SAYA LAMPIRKAN','ticket/hardware-software/20250600126/122778a9-ce4f-424d-8661-a805cd9c499e','https://cloud.mjm-bali.co.id/index.php/s/w7Pic3fWafgdEXe','Closed',2,'2026-01-13','2026-01-13 02:43:49','2026-01-13 10:45:49',NULL,'2026-01-13 04:27:33','0196bfbe-0dd5-703d-be34-74b9124e9556','Low','done , kalibrasi ulang ukuran label','2026-01-13 13:00:00',NULL,NULL,NULL,'2026-01-13 12:27:33'),('1618cbe1-5065-4ac0-a7af-240dd9b1bb82','0196bfbe-0d9f-723c-a395-7a3c26886165','5adc6747-77a4-4eee-b521-50299be87896','testing','Network','Connectivity','Project','hahaha',NULL,NULL,'Progress',1,'2026-02-02','2026-02-01 23:29:22','2026-04-10 12:01:27',NULL,'2026-04-10 04:01:27','0196bfbe-1225-710b-a73e-10dfd73bcde5','Low','testtingg','2026-04-10 12:01:27','2026-04-11 12:01:27','hour',24,NULL),('187169db-7ddc-4a38-9e46-84a3a7eafdc3','0196bfbe-0d35-7316-8ecc-fdc872892488','fe6691b4-9415-4cb4-82f5-97bee2e742cf','test','Account & Access','Connectivity','Project','sdvsfvsfv',NULL,NULL,'Progress',1,'2026-04-10','2026-04-10 03:04:09','2026-04-10 12:01:42',NULL,'2026-04-10 04:01:42','0196bfbe-1225-710b-a73e-10dfd73bcde5','Low','testingfff','2026-04-10 12:01:42','2026-04-11 12:01:42','hour',24,NULL),('1d5bad15-4da8-4850-8c4f-9d3dcc03d382','019abea0-4f6a-73ef-a553-f4ec51d21cc3','83b09018-3a03-4dc5-abce-86a19fca42f0','Hapus file cloud','Hardware & Software',NULL,'Project','Hapus file data di cloud Tenji Sushi untuk folder Menu Tenji Sushi dan Menu Tenji Sushi 21X25','ticket/hardware-software/20251100410/1d5bad15-4da8-4850-8c4f-9d3dcc03d382','https://cloud.mjm-bali.co.id/index.php/s/W4RKJGgwQopFYHT','Closed',1,'2026-01-15','2026-01-15 04:15:10','2026-01-15 12:17:10',NULL,'2026-01-15 04:19:22','0196bfbe-1225-710b-a73e-10dfd73bcde5','Low','done yaa','2026-01-15 12:20:00',NULL,NULL,NULL,'2026-01-15 12:19:22'),('1e15c925-0059-4ccc-a36e-184cb85109d5','01976737-2c6f-70bc-9b3b-b71ed5de3a8e','4d5a7b3a-02bb-48fa-9eaa-046bf0792b89','masukin foto suplayer ke sistem mysis bali in bali by suplyer','Hardware & Software',NULL,'Project','masukin foto suplayer ke sistem mysis bali in bali by suplyer','ticket/hardware-software/20250600270/1e15c925-0059-4ccc-a36e-184cb85109d5','https://cloud.mjm-bali.co.id/index.php/s/bCsLiH5w6ZfiTtk','Closed',1,'2026-01-16','2026-01-16 07:47:38','2026-01-16 16:25:25',NULL,'2026-01-26 02:38:51','0196bfbe-1225-710b-a73e-10dfd73bcde5','High','gambar masuk di jam 12 siang ya terimakasih selamat pagi','2026-01-26 12:00:00',NULL,NULL,NULL,'2026-01-26 10:38:51'),('26605f49-497b-4906-9620-84dda7dfd43d','0197525d-a2bc-72ca-8c54-0bbab60d43b5','ca3bb022-087d-49d8-a177-aab2359a6a88','harga iklan led tidak sesuai','Hardware & Software',NULL,'Project','dibantu ubah harga iklan led tv deket wine','ticket/hardware-software/20250600078/26605f49-497b-4906-9620-84dda7dfd43d','https://cloud.mjm-bali.co.id/index.php/s/SHpJTMYeHqbt2gX','Closed',6,'2026-01-19','2026-01-19 09:23:06','2026-01-19 18:13:35',NULL,'2026-01-19 10:14:27','0197f855-05bf-7145-803b-b1a7f5b648a2','Low','sudah diteruskan ke bagian marketing','2026-01-19 19:00:00',NULL,NULL,NULL,'2026-01-19 18:14:27'),('26edd9e9-d6b7-4f12-94ed-a5e70bc2adf8','019747cb-6c6c-72cd-9546-b257e7d5ac0d','6eb20eab-f49a-4cb5-a69a-9f7c46f91faf','Laptop tidak mau nyala','Hardware & Software',NULL,'Project','Laptop tiba tiba mati padahal batre masih setengah','ticket/hardware-software/20250600127/26edd9e9-d6b7-4f12-94ed-a5e70bc2adf8','https://cloud.mjm-bali.co.id/index.php/s/RQNQHKPGcPp45Rb','Closed',1,'2026-01-08','2026-01-08 02:22:51','2026-01-08 10:24:51',NULL,'2026-01-08 04:50:01','0196bfbe-1225-710b-a73e-10dfd73bcde5','High','harus di service sepertinya','2026-01-08 12:26:00',NULL,NULL,NULL,'2026-01-08 11:07:09'),('32c03db0-f9da-426a-938a-3a2d43344272','0196bfbe-0d9f-723c-a395-7a3c26886165','4ec83422-9c9c-4303-9ba0-fcbdd2db9841','Komputer lemot','Hardware & Software',NULL,'Project','Komputer lemot','ticket/hardware-software/20250500007/32c03db0-f9da-426a-938a-3a2d43344272','https://cloud.mjm-bali.co.id/index.php/s/wK79B8A5cF4pWFS','Closed',2,'2026-01-08','2026-01-08 02:41:51','2026-01-08 10:42:51',NULL,'2026-01-08 03:42:02','0196bfbe-1225-710b-a73e-10dfd73bcde5','High','sebentar ya Bu','2026-01-08 11:42:00',NULL,NULL,NULL,'2026-01-08 11:04:57'),('38a210e7-0c66-4b2b-8a47-1270abbef211','019abea0-4f6a-73ef-a553-f4ec51d21cc3','faaa593f-fd6a-436e-86df-3a92f2a2f79b','Wifi driver terputus','Network',NULL,'Project','Wifi driver kadang terputus, terutama hari ini.','ticket/network/20251100410/38a210e7-0c66-4b2b-8a47-1270abbef211','https://cloud.mjm-bali.co.id/index.php/s/gDS3WoDebTri397','Closed',2,'2026-01-23','2026-01-23 02:59:08','2026-01-23 11:08:44',NULL,'2026-01-23 03:08:53','0196bfbe-0dd5-703d-be34-74b9124e9556','Low','done ya','2026-01-23 12:00:00',NULL,NULL,NULL,'2026-01-23 11:08:53'),('3c7bd83f-a150-4485-a94a-01c8c4012f17','01976737-2c6f-70bc-9b3b-b71ed5de3a8e','72ad5b05-c652-4506-9e8e-c666382fc2a3','wifi jaringan internet di office bib mati','Network',NULL,'Project','wifi jaringan internet di office bib mati','ticket/network/20250600270/3c7bd83f-a150-4485-a94a-01c8c4012f17','https://cloud.mjm-bali.co.id/index.php/s/7or9NxLJ8QkzNnY','Closed',1,'2026-01-22','2026-01-22 04:53:27','2026-01-22 13:29:05',NULL,'2026-01-22 05:29:41','0197f855-05bf-7145-803b-b1a7f5b648a2','Low','Setelah dicek, kondisi internet dalam keadaan normal','2026-01-22 13:00:00',NULL,NULL,NULL,'2026-01-22 13:29:41'),('405ae2ca-979d-484d-a685-9f5d75aa3c90','0197525d-a2bc-72ca-8c54-0bbab60d43b5','ca2d9196-f55d-40df-a824-4b0eb01c79ee','penambahan id leader & admin','Account & Access',NULL,'Project','nama : anjar azwary : admin edp uj nusa dua\r\nnama : wisnu ade wiajaya : leader nusa dua grocerry',NULL,NULL,'Closed',1,'2026-01-24','2026-01-24 04:32:13','2026-01-24 13:56:35',NULL,'2026-01-24 06:07:44','0196bfbe-1225-710b-a73e-10dfd73bcde5','Medium','ditunggu rik','2026-01-24 16:00:00',NULL,NULL,NULL,'2026-01-24 14:07:44'),('4109a3e5-6884-4c04-90f8-43b89f18bc38','01976737-2d19-7159-8fe8-af6da8d5eb93','c567dc81-b692-4a15-82bc-112a56519dff','pengajuan pembuatan absen spg baru','Others',NULL,'Project','pengajuan pembuatan absensi finger atas nama ni luh santiasih jabatan spg konsinyasi',NULL,NULL,'Closed',5,'2026-01-09','2026-01-09 08:16:02','2026-01-09 16:18:02',NULL,'2026-01-09 09:00:01','0196bfbe-0dd5-703d-be34-74b9124e9556','Low','DONE , PIN 2868 NI LUH SANTIASIH','2026-01-09 17:00:00',NULL,NULL,NULL,'2026-01-09 16:24:50'),('424681ad-9fbb-4eb9-a20c-5a29d277fd2d','01976737-2d19-7159-8fe8-af6da8d5eb93','df1bbd64-45d1-4567-9a5e-b114145460bd','pengajuan master baru bib tgl 19 jan 2026','Others',NULL,'Project','pembuatan master baru bib untuk file nya sudah saya kirim ke grup bib store. terima kasih',NULL,NULL,'Closed',1,'2026-01-18','2026-01-18 04:15:31','2026-01-19 13:29:15',NULL,'2026-01-19 05:29:33','0196bfbe-0dd5-703d-be34-74b9124e9556','Low','Done pak','2026-01-19 14:00:00',NULL,NULL,NULL,'2026-01-19 13:29:33'),('4351bf93-8a72-4901-bda1-5955ade71b50','019752be-0543-703c-9c59-5e20ee0b9297','c6872485-d1af-464a-b3ab-9d788ab7f167','colokan USB di CPU rusak','Hardware & Software',NULL,'Project','untuk pemakain Scaner \r\nkemarin  masi bisa dipakai untuk hari ini gak bisa lagi','ticket/hardware-software/20250600171/4351bf93-8a72-4901-bda1-5955ade71b50','https://cloud.mjm-bali.co.id/index.php/s/iNeKrRZnmfRygiB','Closed',2,'2026-01-14','2026-01-14 05:16:28','2026-01-14 13:18:28',NULL,'2026-01-14 06:30:43','0196bfbe-0dd5-703d-be34-74b9124e9556','Low','baik. sementara switch usb device yg akan dipake untuk POS kasir','2026-01-14 15:00:00',NULL,NULL,NULL,'2026-01-14 14:30:43'),('45108f4f-bc15-4c4a-943f-7dec8ffa15dc','01976737-35aa-7153-add0-c1293915137b','b669fe11-0de4-43a5-82ea-648ec72f7ba6','My Sis tidak bisa dioperasikan','Others',NULL,'Project','Tidak bisa buka jurnal My Sis, instruksi dari aplikasi \"Periksa DSN\"','ticket/others/20250600284/45108f4f-bc15-4c4a-943f-7dec8ffa15dc','https://cloud.mjm-bali.co.id/index.php/s/7tzrXC32aLPsHJ8','Closed',1,'2026-01-23','2026-01-23 02:33:04','2026-01-23 10:36:23',NULL,'2026-01-23 02:36:35','0196bfbe-1225-710b-a73e-10dfd73bcde5','High','sudah bisa digunakan kembali ya','2026-01-23 03:00:00',NULL,NULL,NULL,'2026-01-23 10:36:35'),('4b1e3e11-ff6c-48bd-b867-752497ee71bb','01973a24-3e78-716f-8700-2f79d0556587','d21fce96-4cfe-4e8c-a571-4fdc8cbcd70d','Laptop Eror','Others',NULL,'Project','Laptop saya eror tidak bisa dibuka',NULL,NULL,'Closed',3,'2026-01-23','2026-01-23 06:33:28','2026-01-23 15:32:40',NULL,'2026-01-23 07:36:14','0196bfbe-1225-710b-a73e-10dfd73bcde5','Medium','done yaaa error wireguard','2026-01-23 15:00:00',NULL,NULL,NULL,'2026-01-23 15:36:14'),('4ddfedc3-5fab-4048-a779-97a1cd951f69','0196bfbe-128e-727c-9853-1dafcebd5b85','e697782a-8382-4ecd-983d-67637c0b04a8','Laptop tidak bisa terkoneksi ke internet','Network',NULL,'Project','Tidak bisa buka sistem kerena internet tidak bisa dibakses','ticket/network/20250500031/4ddfedc3-5fab-4048-a779-97a1cd951f69','https://cloud.mjm-bali.co.id/index.php/s/qG7wqjm6iWjMwkF','Closed',4,'2026-01-08','2026-01-08 03:12:30','2026-01-08 11:14:30',NULL,'2026-01-08 03:34:01','0196bfbe-1225-710b-a73e-10dfd73bcde5','Low','bisa digunakan kembali login menggunakan wifi bib ya','2026-01-08 11:30:00',NULL,NULL,NULL,'2026-01-08 11:25:37'),('51a9a8f8-ad6d-470e-9659-85a4054f056e','01973966-3d13-70da-815e-17a62d8b3bfe','20bf88ca-b1bc-426a-a06d-9c95e53eac90','Tv uncle Jo Bungin error','Hardware & Software',NULL,'Project','Tv tidak bisa muter','ticket/hardware-software/20250600063/51a9a8f8-ad6d-470e-9659-85a4054f056e','https://cloud.mjm-bali.co.id/index.php/s/2QWbjoHPDEMTdFt','Closed',3,'2026-01-13','2026-01-13 03:22:48','2026-01-13 11:24:48',NULL,'2026-01-13 03:45:45','0196bfbe-1225-710b-a73e-10dfd73bcde5','Low','done ya','2026-01-13 11:40:00',NULL,NULL,NULL,'2026-01-13 11:45:45'),('5593e7e8-774e-42c2-b7eb-56f231fcadda','01975e6c-739e-719e-903c-b2095c851326','b371692c-6246-4b0b-b0c8-161bf346b7b9','user hris tidak bisa','Account & Access',NULL,'Project','akses ditolak sewaktu masuk ke hr.unclejo.xyz',NULL,NULL,'Closed',8,'2026-01-08','2026-01-08 03:39:14','2026-01-08 11:41:14',NULL,'2026-01-08 05:00:02','0196bfbe-1225-710b-a73e-10dfd73bcde5','Medium','nggih','2026-01-08 13:00:00',NULL,NULL,NULL,'2026-01-08 12:06:22'),('5621cb40-8538-4e95-8d39-b5fd419d4054','019a2355-5717-71cf-96c8-06e79a7d0047','70378f3d-f569-4b61-afb6-7f3e719640fa','New employee fingerprint registration','Others',NULL,'Project','Dibantu buatkan id Finger karyawan baru, untuk nama terlampir pada attachment','ticket/others/20250900370/5621cb40-8538-4e95-8d39-b5fd419d4054','https://cloud.mjm-bali.co.id/index.php/s/EznJFnEkBy8GGzX','Closed',11,'2026-01-08','2026-01-08 08:18:39','2026-01-08 16:20:39',NULL,'2026-01-08 09:00:01','0196bfbe-0dd5-703d-be34-74b9124e9556','Low','2862 : AFNI AULINA\r\n2863 : DINA MAULIDIA\r\n2864 : OKTAVIANO RAMDHANI\r\n2865 : NI LUH DIAH PARWATI\r\n2866 : NI KOMANG PUTRI RAHAYU\r\n2867 : ANNISA MEGA PUTRI','2026-01-08 17:00:00',NULL,NULL,NULL,'2026-01-08 16:39:18'),('56a7c6c0-a950-410d-802a-35108828e54d','019aba21-4f1c-7396-b734-d52156e3ec9d','0e4a0f69-fc98-4ad7-b6d0-f2d73ddb9275','Akses cctv','Account & Access',NULL,'Project','Pemberian akses cctv ke astiana',NULL,NULL,'Closed',3,'2026-01-14','2026-01-14 05:45:30','2026-01-14 13:47:30',NULL,'2026-01-14 06:29:11','0196bfbe-0dd5-703d-be34-74b9124e9556','Low','done, playback','2026-01-14 15:00:00',NULL,NULL,NULL,'2026-01-14 14:29:11'),('580e5040-9b69-4665-9b6e-14dbe212ba0d','019a2355-5717-71cf-96c8-06e79a7d0047','1a6cef3e-fa3b-4b64-ba0e-e5301f50a658','ID Finger','Others',NULL,'Project','Dibantu tambahkan ID Finger pak Rudi di all store termasuk HO',NULL,NULL,'Closed',1,'2026-01-12','2026-01-12 01:34:16','2026-01-12 09:36:16',NULL,'2026-01-12 03:00:02','0196bfbe-1225-710b-a73e-10dfd73bcde5','Medium','done mazzeh','2026-01-12 11:00:00',NULL,NULL,NULL,'2026-01-12 10:09:38'),('6726b33e-cd4c-4abf-b190-bf8a76816c1e','0196bfbe-0d9f-723c-a395-7a3c26886165','c4d08989-2f05-435a-b28e-fb64997062c4','Komputer masih lemot','Hardware & Software',NULL,'Project','Komputer masih lemot','ticket/hardware-software/20250500007/6726b33e-cd4c-4abf-b190-bf8a76816c1e','https://cloud.mjm-bali.co.id/index.php/s/jiWysESLmmXaJEq','Closed',5,'2026-01-08','2026-01-08 03:29:09','2026-01-08 11:31:09',NULL,'2026-01-08 05:30:02','0196bfbe-1225-710b-a73e-10dfd73bcde5','Medium','bisa kirimkan ultraviewernya ya','2026-01-08 13:30:00',NULL,NULL,NULL,'2026-01-08 12:07:00'),('6839678a-15d0-488f-bad9-72c8372c9503','01976737-35aa-7153-add0-c1293915137b','ca53f6f4-6e09-44b7-a553-50cfc7d8ec25','Laptop tidak bisa buka internet banking','Network',NULL,'Project','Pada saat buka internet banking tidak muncul apa-apa sedangkan buka web lain bisa',NULL,NULL,'Closed',7,'2026-01-08','2026-01-08 03:36:56','2026-01-08 11:38:56',NULL,'2026-01-08 06:00:01','0196bfbe-1225-710b-a73e-10dfd73bcde5','Medium','baik ditunggu','2026-01-08 14:00:00',NULL,NULL,NULL,'2026-01-08 11:56:44'),('6a6ddd3b-aa69-4b71-b619-7e60f843320e','01976737-2d19-7159-8fe8-af6da8d5eb93','74862b72-6749-40db-9e3e-6b32475def82','pengajuan master suplayer baru','Others',NULL,'Project','pembuatan master suplayer baru untuk file nya ada di grup bib store. terima kasih',NULL,NULL,'Closed',2,'2026-01-27','2026-01-27 06:36:13','2026-01-27 14:44:48',NULL,'2026-01-27 06:59:06','0196bfbe-0dd5-703d-be34-74b9124e9556','Medium','DONE, KD VENDOR : C01227A','2026-01-27 16:00:00',NULL,NULL,NULL,'2026-01-27 14:59:06'),('6b0b2370-9a34-4159-8d08-ef2f8ab87389','01976737-2d19-7159-8fe8-af6da8d5eb93','b0dd729f-b9a2-4a60-9c38-c57e45aed7c4','pengajuan pembuatan id kasir untuk staff kasir yang baru','Others',NULL,'Project','pembuatan id kasir baru atas nama anisa. terima kasih',NULL,NULL,'Closed',2,'2026-01-20','2026-01-20 12:01:35','2026-01-22 14:28:35',NULL,'2026-01-22 06:33:15','0196bfbe-0dd5-703d-be34-74b9124e9556','Low','oke ditunggu','2026-01-22 15:00:00',NULL,NULL,NULL,'2026-01-22 14:33:15'),('6ed1bb81-d355-4643-9282-774cbc6c1619','01973966-3d13-70da-815e-17a62d8b3bfe','14a2982f-d1b5-41ed-a448-4cab385a21cb','Penambahan password diskon dan batal UJ Bungin','Account & Access',NULL,'Project','Penambahan password diskon dan batal user Marselia Lawa Jati',NULL,NULL,'Closed',3,'2026-01-20','2026-01-20 12:29:57','2026-01-23 10:39:22',NULL,'2026-01-23 05:18:13','019bbfa6-ab6e-7028-8178-2c8f8e7a961d','Medium','ditunggu ya mbaa','2026-01-23 15:00:00',NULL,NULL,NULL,'2026-01-23 13:18:13'),('6ff0e03f-62ea-4bad-8d4d-cf74eedbc952','019a2355-5717-71cf-96c8-06e79a7d0047','dd90fe86-1c87-486f-935e-5ba12306a592','Tarik Absensi Finger','Others',NULL,'Project','Dibantu tarik absensi finger pekan 3 Januari 2026',NULL,NULL,'Closed',2,'2026-01-18','2026-01-18 12:42:41','2026-01-18 20:44:37',NULL,'2026-01-20 05:05:32','0196bfbe-1225-710b-a73e-10dfd73bcde5','Medium','ditunggu ya','2026-01-19 12:00:00',NULL,NULL,NULL,'2026-01-20 13:05:32'),('72268e18-6c93-42d2-99e7-f56e6c63a672','01997aa1-846b-7379-84f9-366759dc627d','b65dad69-0920-4761-8f11-a976880876c4','Aplikasi excel eror','Hardware & Software',NULL,'Project','Aplikasi excel eror ,sayaa mw melakukan copy paste tidak bisa ,mohon di bantu ,terima kasih','ticket/hardware-software/20250900373/72268e18-6c93-42d2-99e7-f56e6c63a672','https://cloud.mjm-bali.co.id/index.php/s/S7NxMNLBBcFBc7A','Closed',2,'2026-01-26','2026-01-26 04:39:42','2026-01-26 12:54:17',NULL,'2026-01-26 04:55:44','0197f855-05bf-7145-803b-b1a7f5b648a2','Low','office tidak aktif, sudah dilakukan pengaktifan','2026-01-26 13:30:00',NULL,NULL,NULL,'2026-01-26 12:55:44'),('73bb1928-46d5-4d56-80c4-9ef38ed816f7','019a2355-5717-71cf-96c8-06e79a7d0047','b95e3b51-464d-47ce-9c33-95f8985bc0db','Pendaftaran ID Finger','Others',NULL,'Project','Dibantu Daftarkan ID FInger atas nama:\r\n- Anjar Azwary - Staff Produce - UJ Blok B\r\n- Rifki Mulia Rivaldi Ritonga - Crew Store - UJ Blok B\r\n- Stevan - Staff Admin EDP - UJ Blok B\r\n- I Putu Bagus Adi Budiana - IT Support',NULL,NULL,'Closed',2,'2026-01-15','2026-01-15 05:42:18','2026-01-15 13:44:18',NULL,'2026-01-15 07:21:15','0196bfbe-0dd5-703d-be34-74b9124e9556','Low','DONE \r\n- PIN 2870 Anjar Azwary \r\n- PIN 2871 Rifki Mulia Rivaldi Ritonga \r\n- PIN 2872 Stevan \r\n- PIN 2873 I Putu Bagus Adi Budiana','2026-01-15 16:00:00',NULL,NULL,NULL,'2026-01-15 15:21:15'),('7469821e-33bd-44b9-912d-682c73012082','01975e6c-750f-72b7-810d-6ecb2cf0b4b7','59f816d5-f73b-4dce-b294-13de84ddf68c','VIEW TICKETING TIDAK BS, LOGIN HR','Account & Access',NULL,'Project','- MENU VIEW PADA TICKETING TIDAK BS SY BUKA\r\n- LOGIN KE HR BLM BS SMPE SAAT INI','ticket/account-access/20250600260/7469821e-33bd-44b9-912d-682c73012082','https://cloud.mjm-bali.co.id/index.php/s/n5Lw2tod2DLYiNQ','Closed',5,'2026-01-19','2026-01-19 08:51:39','2026-01-20 13:04:54',NULL,'2026-01-23 02:40:35','0196bfbe-1225-710b-a73e-10dfd73bcde5','High','betul Bu memang saya masih kunci akses untuk user biasa ditunggu updatenya ya dan untuk tiket saya masih perbaiki untuk viewnya','2026-01-27 15:00:00',NULL,NULL,NULL,'2026-01-23 10:40:35'),('758407c2-dbf4-47ee-a991-8f83c3c77932','019abea0-4f6a-73ef-a553-f4ec51d21cc3','f6ad3aa1-31d1-41ff-9bac-d57451e1c5a9','Akses Nextcloud','Network',NULL,'Project','Akses Nextcloud untuk pengiriman file buku menu Tenji Sushi','ticket/network/20251100410/758407c2-dbf4-47ee-a991-8f83c3c77932','https://cloud.mjm-bali.co.id/index.php/s/3CXG9T8cTsC28DM','Closed',3,'2026-01-09','2026-01-09 07:14:04','2026-01-09 15:16:04',NULL,'2026-01-09 08:00:01','0196bfbe-1225-710b-a73e-10dfd73bcde5','Medium','link akses cloud melalu https://cloud.mjm-bali.co.id \r\nuser:tenji \r\npassword: t34mTENJIsushib@li \r\n\r\nnote:\r\ngunakan hanya pada folder tenji ya mba jadi hanya di dalam folder itu saja bisa menyimpan data, share dll, untuk hapus tidak boleh ya terimakasih','2026-01-09 16:00:00',NULL,NULL,NULL,'2026-01-09 15:32:29'),('7839098d-ac83-4989-99c3-8170c61033fc','0196bfbe-0f7d-7042-9d74-d3bb4435de0f','4a62d551-a7d1-4e2a-9c4f-2cb95eaaf402','Laptop','Hardware & Software',NULL,'Project','kerusakan pada perangkat keyboard,di mana ada beberapa tombol tdk dapat merespon,sehingga menghambat proses penggunaan perangkat.','ticket/hardware-software/20250500016/7839098d-ac83-4989-99c3-8170c61033fc','https://cloud.mjm-bali.co.id/index.php/s/JDAbB9KLZ6wSd3D','Closed',10,'2026-01-08','2026-01-08 06:28:00','2026-01-08 14:30:00',NULL,'2026-01-08 06:51:07','0196bfbe-1225-710b-a73e-10dfd73bcde5','Medium','di service kemungkinan ya','2026-01-16 14:50:00',NULL,NULL,NULL,'2026-01-08 14:49:07'),('809d1cd1-6ee8-4190-a3d4-368ca392d8fc','019a2355-5717-71cf-96c8-06e79a7d0047','8bf9b946-c3fa-4ce1-8de0-4e52a06e0a44','Tarik Absensi Finger Karyawan TUB','Others',NULL,'Project','Dibantu tarik absensi finger all karyawan TUB atas nama:\r\n- Nurlaila\r\n- Dina Melianda\r\n- Yumi Lonak\r\n- Sharul Pratama\r\n- Melky Jeksen',NULL,NULL,'Closed',1,'2026-01-21','2026-01-21 03:03:00','2026-01-22 17:14:55',NULL,'2026-01-22 09:15:03','0196bfbe-0dd5-703d-be34-74b9124e9556','Low','ditunggu','2026-01-22 17:00:00',NULL,NULL,NULL,'2026-01-22 17:15:03'),('837beb79-8044-4b3f-acd0-d71a98c94585','019abea0-4f6a-73ef-a553-f4ec51d21cc3','ece722b1-4bed-4cac-beaa-fa33eeb0a0e6','Perpanjang akun PSD','Hardware & Software',NULL,'Project','Memperpanjang akun PSD','ticket/hardware-software/20251100410/837beb79-8044-4b3f-acd0-d71a98c94585','https://cloud.mjm-bali.co.id/index.php/s/dYCfzM8LEnMFfeC','Closed',4,'2026-01-09','2026-01-09 07:55:59','2026-01-09 15:57:59',NULL,'2026-01-09 09:00:02','0196bfbe-1225-710b-a73e-10dfd73bcde5','Medium','bisa kirimkan ultraviewernya ya Mba via whatsapp','2026-01-09 17:00:00',NULL,NULL,NULL,'2026-01-09 16:59:00'),('89a8a74d-849d-4351-adef-6e14719e803a','01975e6c-750f-72b7-810d-6ecb2cf0b4b7','c7bae954-d85e-4fb7-95a9-42ca86f36f82','MYSIS DAN FEE DRIVER EROR','Account & Access',NULL,'Project','Mysis setiap login muncul data korup (setting ulang) ,untuk fee driver login bs tp tidak bs akses menu nya (There was a problem displaying this chart.)','ticket/account-access/20250600260/89a8a74d-849d-4351-adef-6e14719e803a','https://cloud.mjm-bali.co.id/index.php/s/Txo32Hct783kXjg','Closed',4,'2026-01-19','2026-01-19 08:40:21','2026-01-19 18:12:55',NULL,'2026-01-23 02:34:23','0196bfbe-1225-710b-a73e-10dfd73bcde5','Medium','maaf lama Bu ada maintenance server dan jaringan di BIB','2026-01-23 13:00:00',NULL,NULL,NULL,'2026-01-23 10:34:23'),('8b549455-b448-4a78-9d5f-db1ab34488ee','0197525d-a2bc-72ca-8c54-0bbab60d43b5','5d0427bb-0582-4144-8d6c-448e6fac605a','Oxy','Others',NULL,'Project','Sering macet atau loading saat mau cetak pembayaran , harus di exit dulu dan notanya masuk ke nota pending',NULL,NULL,'Closed',5,'2026-01-13','2026-01-13 13:19:47','2026-01-13 21:21:47',NULL,'2026-01-15 16:30:53','0196bfbe-1225-710b-a73e-10dfd73bcde5','Medium','ini di komputer mana rik?','2026-01-14 10:00:00',NULL,NULL,NULL,'2026-01-16 00:30:53'),('8c271b88-42bd-4ac2-bb12-f7f5e46fb4d4','01973a24-3e78-716f-8700-2f79d0556587','9138b838-6b39-4995-b8c4-f8048c479c7b','laptop cannot connect to wifi','Network',NULL,'Project','wifi tidak bisa',NULL,NULL,'Closed',3,'2026-01-08','2026-01-08 03:01:01','2026-01-08 11:03:01',NULL,'2026-01-08 04:15:02','0196bfbe-1225-710b-a73e-10dfd73bcde5','Low','ultraviewernya kirim ya Pak via whatsapp','2026-01-08 12:15:00',NULL,NULL,NULL,'2026-01-08 11:13:08'),('911e818b-cb71-43bb-a9eb-fb9963c5fc52','01973966-3df2-7036-9f04-459e3d29ccaa','1e682d86-f1a1-41a0-b54e-ba04beeac395','Set user','Others',NULL,'Project','user saya atas nama Maharani dari SE BELITUNG  tidak bisa digunakan untuk input stok incoming dari suplayer ataupun melakukan retur stok ke suplayer, mohon  di set  agar bisa digunakan atau ditujukan untuk user leader, terimakasih',NULL,NULL,'Closed',3,'2026-01-22','2026-01-22 13:26:25','2026-01-23 10:30:42',NULL,'2026-01-23 04:30:21','0197f855-05bf-7145-803b-b1a7f5b648a2','Medium','Done, akses dirubah lokasi ke Belitung dan role diubah menjadi manager','2026-01-23 16:00:00',NULL,NULL,NULL,'2026-01-23 12:30:21'),('94d21da1-839b-4fbc-9c2a-0450c604e13c','019b2a4d-ab91-7072-9851-f51583f15367','4c7e49e9-549d-483e-9596-060b419bfc13','Penggantian cash drawer nuspen 1','Hardware & Software',NULL,'Project','Penggantian cash drawer dikarenakan rusak,,\r\nDan perapihan kabel di area kasir',NULL,NULL,'Closed',3,'2026-01-27','2026-01-27 07:51:36','2026-01-27 21:04:09',NULL,'2026-01-28 16:30:05','0196bfbe-1225-710b-a73e-10dfd73bcde5','High','Done yaa terimakasih','2026-01-31 21:04:00',NULL,NULL,NULL,'2026-01-29 00:30:05'),('97e42dc0-daca-4db3-8612-c0c18c4d6410','01976737-2d19-7159-8fe8-af6da8d5eb93','9000bb19-2dcd-4e82-8639-39cb0cb4e459','pengajuan absen finger staff baru','Others',NULL,'Project','pembuatan absen finger staff baru atas nama annisa mega putri',NULL,NULL,'Closed',4,'2026-01-13','2026-01-13 05:13:22','2026-01-13 13:15:22',NULL,'2026-01-13 08:01:38','0196bfbe-0dd5-703d-be34-74b9124e9556','Low','DONE :PIN 2869 ANNISA MEGA PUTRI','2026-01-13 17:00:00',NULL,NULL,NULL,'2026-01-13 16:01:38'),('9b75b8f9-6c6f-4ce9-9c19-f75954a58f1a','01976737-2d19-7159-8fe8-af6da8d5eb93','9a587a0a-fb82-43a5-b766-b554a2002d6b','pengajuan master baru tgl 27 jan 2026','Others',NULL,'Project','pembuatan master baru kopi madailing, mohon dibantu update nya pak, file nya di grup bib store . terima kasih',NULL,NULL,'Open',4,'2026-01-27','2026-01-27 08:39:44',NULL,NULL,'2026-01-27 08:39:44',NULL,NULL,NULL,NULL,NULL,NULL,NULL,NULL),('9d5385e8-e1da-4187-9c22-6ebecfd0f7b9','0196bfbe-0d35-7316-8ecc-fdc872892488','2ead86fb-42de-48c0-89b3-d535d1e2bf8d','testing ya','Hardware & Software',NULL,'Project','tess',NULL,NULL,'Progress',1,'2026-02-01','2026-02-01 05:35:10','2026-02-01 14:45:29',NULL,'2026-02-01 06:45:29','0196bfbe-1225-710b-a73e-10dfd73bcde5','Low','testing','2026-02-01 12:00:00','2026-02-01 13:00:00',NULL,NULL,NULL),('a7a1cc38-9066-4995-b5ca-8f77282b1824','019a2355-5717-71cf-96c8-06e79a7d0047','47e93957-5563-4110-828d-d3b53a7a3857','Tambahkan ID Finger','Others',NULL,'Project','Dibantu tambahkan finger atas nama Firma Septia Natamuria (Adm. Central Kitchen) di HO, terima kasih',NULL,NULL,'Closed',1,'2026-01-19','2026-01-19 01:24:07','2026-01-19 10:55:15',NULL,'2026-01-19 05:00:00','0196bfbe-0dd5-703d-be34-74b9124e9556','Medium','DONE , PIN : 2874 - Firma Septia Natamuria (Adm. Central Kitchen)','2026-01-19 14:00:00',NULL,NULL,NULL,'2026-01-19 13:00:00'),('a98250f6-baef-46cb-8dbf-6043690eb7b3','0196bfbe-0d9f-723c-a395-7a3c26886165','80933593-495b-4469-9b85-63d3f60f6d0c','Selamat pagi pak tolong  dibantu laptop ga  konek ke printer','Hardware & Software',NULL,'Project','Ga bisa print pak',NULL,NULL,'Closed',1,'2026-01-20','2026-01-20 01:46:26','2026-01-20 13:03:42',NULL,'2026-01-20 05:05:08','0196bfbe-1225-710b-a73e-10dfd73bcde5','Medium','done yaa','2026-01-20 14:03:00',NULL,NULL,NULL,'2026-01-20 13:05:08'),('afd43d10-1ead-49b5-bb34-fadea23eb110','01973ee7-0698-7170-a849-68d8061906a7','d1c17f3e-4ef2-4268-a308-ffe055716094','Deberikan akses oxy yg lebih mantap','Account & Access',NULL,'Project','Membuka incoming good admin gk ada akses',NULL,NULL,'Closed',1,'2026-01-13','2026-01-12 19:03:36','2026-01-13 03:05:36',NULL,'2026-01-14 11:38:27','0197f855-05bf-7145-803b-b1a7f5b648a2','Medium','Silahkan re-login untuk mendapatkan akses yang diminta','2026-01-14 12:00:00',NULL,NULL,NULL,'2026-01-14 19:38:27'),('b293b6f4-9497-4f98-bbd8-330eb7c7aca5','0196bfbe-11bd-739a-8ddf-1eba6e7a3911','9654ab77-0ac4-4b0c-b45a-e7b0f2f6e12e','printer ku btidak bisa print','Hardware & Software',NULL,'Project','tidak bisa print karena ada masalah di tinta','ticket/hardware-software/20250500027/b293b6f4-9497-4f98-bbd8-330eb7c7aca5','https://cloud.mjm-bali.co.id/index.php/s/YTy8sSPDXqYZsNH','Closed',1,'2026-01-14','2026-01-14 04:41:07','2026-01-14 12:43:07',NULL,'2026-01-14 06:30:14','0196bfbe-1225-710b-a73e-10dfd73bcde5','Medium','done yee','2026-01-14 13:00:00',NULL,NULL,NULL,'2026-01-14 14:30:14'),('b623b150-7538-422b-89eb-6bfd42871060','01997aa1-846b-7379-84f9-366759dc627d','26fbf064-32ef-47f1-90f4-9f9c7e70b3dc','Tidak bisa masuk ke aplikasi oxy','Network',NULL,'Project','Store : tub','ticket/network/20250900373/b623b150-7538-422b-89eb-6bfd42871060','https://cloud.mjm-bali.co.id/index.php/s/edD6C6ttJNkid4A','Closed',3,'2026-01-19','2026-01-19 03:58:33','2026-01-19 13:02:51',NULL,'2026-01-20 05:05:56','0196bfbe-1225-710b-a73e-10dfd73bcde5','Low','Bantu pembayaran Internet tub di ( Alfa / Indomart ) ID LAYANAN - 1000725974','2026-01-19 15:00:00',NULL,NULL,NULL,'2026-01-20 13:05:56'),('bb938d48-619a-4921-8e2b-aef0990b50a2','019a2355-5717-71cf-96c8-06e79a7d0047','a7044857-0663-48b8-adbe-e1b4680094bb','Pemindahan Mesin Absensi Sidik Jari, Fingerprint Reader','Others',NULL,'Project','Mohon bantuan untuk melakukan pemindahan mesin absensi fingerprint dari DC ke HO untuk mendukung kebutuhan operasional dan pencatatan kehadiran di HO. Mohon dapat dibantu proses pemindahan beserta pengecekan atau instalasi ulang apabila diperlukan. Terima kasih atas bantuannya.',NULL,NULL,'Closed',3,'2026-01-12','2026-01-12 08:03:44','2026-01-12 16:05:44',NULL,'2026-01-13 03:51:27','0196bfbe-0dd5-703d-be34-74b9124e9556','Low','DONE, posisi mesin absen sudah di pindah ke HO lt satu dekat tangga naik ke lt 2','2026-01-13 15:00:00',NULL,NULL,NULL,'2026-01-13 11:51:27'),('be367c37-e477-4407-8d44-d94e38ab5046','0197525d-a2bc-72ca-8c54-0bbab60d43b5','575990af-a0d1-4d4b-97f4-a93851436937','tv led stuck di logo','Hardware & Software',NULL,'Project','tv led stuck di logo','ticket/hardware-software/20250600078/be367c37-e477-4407-8d44-d94e38ab5046','https://cloud.mjm-bali.co.id/index.php/s/cCbpCsszRnC8AMx','Closed',1,'2026-01-11','2026-01-11 11:52:00','2026-01-11 19:54:00',NULL,'2026-01-12 05:00:01','0196bfbe-1225-710b-a73e-10dfd73bcde5','High','done Rik','2026-01-12 13:00:00',NULL,NULL,NULL,'2026-01-12 09:46:16'),('c14a06d1-f815-4425-9c0e-5b68235cdd59','01973966-3d13-70da-815e-17a62d8b3bfe','6991142f-6530-4dd5-a0df-44770ca3013c','Tv uncle jo Bungin eror','Hardware & Software',NULL,'Project','Tidak mau muter','ticket/hardware-software/20250600063/c14a06d1-f815-4425-9c0e-5b68235cdd59','https://cloud.mjm-bali.co.id/index.php/s/PtSeWprekRpxnAZ','Closed',1,'2026-01-09','2026-01-09 07:05:37','2026-01-09 15:07:37',NULL,'2026-01-09 08:39:02','0196bfbe-1225-710b-a73e-10dfd73bcde5','Low','sudah bisa','2026-01-09 16:39:00',NULL,NULL,NULL,'2026-01-09 15:40:18'),('c8a5fa54-f6f3-4c78-94e5-3fbfd7393ea1','0198c6d4-622b-731c-b8cd-f95e79818842','7d1a65cb-0b82-4874-8640-cc6003637ef2','Penambahan user atas nama Maharani di belung dengan akses leader','Account & Access',NULL,'Project','Penambahan user atas nama Maharani di Belitung dengan akses leader',NULL,NULL,'Closed',2,'2026-01-22','2026-01-22 08:11:46','2026-01-23 10:38:36',NULL,'2026-01-23 04:31:32','0197f855-05bf-7145-803b-b1a7f5b648a2','Low','Done, sudah eksekusi dari laporan maharani','2026-01-23 12:00:00',NULL,NULL,NULL,'2026-01-23 12:31:32'),('cbf868ec-0df1-4aa8-95a4-8931ec6b1c9c','01976737-2d19-7159-8fe8-af6da8d5eb93','51b815f9-337f-4969-8b34-b0e5c5329f89','pengajuan master baru bib','Others',NULL,'Project','pembuatan master baru bib dan file nya ada di grup bib store dan sudah di acc bu karin. terima kasih',NULL,NULL,'Closed',3,'2026-01-15','2026-01-15 07:32:30','2026-01-16 04:45:25',NULL,'2026-01-16 07:22:33','0196bfbe-1225-710b-a73e-10dfd73bcde5','High','ditunggu','2026-01-16 17:00:00',NULL,NULL,NULL,'2026-01-16 15:22:33'),('d1aa5211-ff07-4fff-9c9c-d9e513d9cdf2','0196bfbe-0fb1-72a2-8fa7-ebb7a0d48ee1','e425f61a-fc61-44df-9b96-643c09a78aaf','Mohon di bantu 1unit komputer ex Bungin untuk team buyer baru🙏','Hardware & Software',NULL,'Project','Mohon di bantu 1unit komputer ex Bungin \r\nUntuk team buyer baru🙏',NULL,NULL,'Closed',9,'2026-01-08','2026-01-08 05:42:53','2026-01-08 13:44:53',NULL,'2026-01-08 07:51:02','0196bfbe-0dd5-703d-be34-74b9124e9556','High','sepertinya menunggu laptop pak James ya Pak, nanti laptop Pak james diberikan ke tim Buyer','2026-01-08 15:00:00',NULL,NULL,NULL,'2026-01-08 14:51:00'),('d27e407b-8663-409c-a03e-45ebfd191689','019a2355-5717-71cf-96c8-06e79a7d0047','3017eec1-5726-4109-bb09-7b3014d1a981','Daftarkan ID Finger','Others',NULL,'Project','Dibantu daftarkan Fingerprint atas nama:\r\nKadek Yobi Wirahadi - Bartender - Tenji Sushi\r\nNi Luh Seri Nadi - Crew Store - Uncle Jo Nusa Penida 2',NULL,NULL,'Closed',1,'2026-01-27','2026-01-27 02:57:17','2026-01-27 12:22:01',NULL,'2026-01-27 04:29:51','0196bfbe-0dd5-703d-be34-74b9124e9556','Low','DONE\r\n-PIN - 2876 : Kadek Yobi Wirahadi \r\n-PIN - 2877 : Ni Luh Seri Nadi','2026-01-27 14:00:00',NULL,NULL,NULL,'2026-01-27 12:29:51'),('d5f3a335-5d2c-4273-8c9e-580b318746f4','019747cb-6bee-7112-90be-cdaf0e5e5a5a','90251cd6-381d-4b6f-931b-1e6fa6da4d82','KEYBOARD KASIR EROR UJ GATSU','Hardware & Software',NULL,'Project','F1 - F12 PADA KEYBOARD TIDAK BERFUNGSI UNTUK MELAKUKAN TRANSAKSI PADA KOMPUTER KASIR','ticket/hardware-software/20250600126/d5f3a335-5d2c-4273-8c9e-580b318746f4','https://cloud.mjm-bali.co.id/index.php/s/776nWL32nYESKeA','Closed',4,'2026-01-14','2026-01-14 07:23:05','2026-01-14 15:25:05',NULL,'2026-01-15 07:24:37','0196bfbe-0dd5-703d-be34-74b9124e9556','Low','DONE , RE INSTALL DRIVERS','2026-01-15 15:40:00',NULL,NULL,NULL,'2026-01-15 15:24:37'),('e9ce9dc1-fca1-41db-b64c-2b1a33d467c0','019a2355-5717-71cf-96c8-06e79a7d0047','4f88d9ec-37af-4615-b4b7-0c6c1f66628f','Create ID Finger','Others',NULL,'Project','Dibantu buatkan ID Finger atas nama Erwin Rahman - Waiters - Tenji Sushi',NULL,NULL,'Closed',3,'2026-01-26','2026-01-26 08:00:21','2026-01-26 16:18:25',NULL,'2026-01-26 08:30:06','0196bfbe-1225-710b-a73e-10dfd73bcde5','Medium','Pin Erwin 2875','2026-01-26 17:00:00',NULL,NULL,NULL,'2026-01-26 16:30:06'),('f160916a-d46c-4697-b643-3e622cbeba30','019a2355-5717-71cf-96c8-06e79a7d0047','fcf86dfd-026c-4677-b14e-fbe1e8d9a6c5','ID Finger','Others',NULL,'Project','Dibantu daftarkan ID Finger bu Wika di all store',NULL,NULL,'Closed',2,'2026-01-12','2026-01-12 01:44:35','2026-01-12 09:46:35',NULL,'2026-01-12 02:09:02','0196bfbe-1225-710b-a73e-10dfd73bcde5','Medium','done yaaa','2026-01-12 10:02:00',NULL,NULL,NULL,'2026-01-12 10:01:00'),('f4d8fe42-c33b-4841-94e2-6be2644c1179','01975e7b-0034-7323-af34-3b8ad36eb01c','5f3d0d38-baa0-45b0-9839-49ebf794ac71','glitch pada komputer ex kasir BIB','Hardware & Software',NULL,'Project','Saat pertama kali komputer dinyalakan, monitor langsung glitch','ticket/hardware-software/20250600293/f4d8fe42-c33b-4841-94e2-6be2644c1179','https://cloud.mjm-bali.co.id/index.php/s/eFsDEYZtXG3tkQt','Closed',2,'2026-01-09','2026-01-09 07:12:36','2026-01-09 15:14:36',NULL,'2026-01-09 09:00:02','0196bfbe-0dd5-703d-be34-74b9124e9556','Medium','done, user bantu restart PC','2026-01-09 17:00:00',NULL,NULL,NULL,'2026-01-09 16:27:24'),('f757b063-3e22-4eb2-b3b2-ba1f4f812660','01973ee7-0698-7170-a849-68d8061906a7','10a21220-4d46-45da-a734-525737986625','Bom pada RTE western','Others',NULL,'Project','Ada beberapa bom yg keliru.  packing pada bom  beef burger tidak tertera, RTD gula aren packing nya salah.',NULL,NULL,'Closed',2,'2026-01-21','2026-01-21 06:58:06','2026-01-23 10:39:02',NULL,'2026-01-26 08:06:10','0197f855-05bf-7145-803b-b1a7f5b648a2','Medium','semua bom sudah disesuaikan, untuk cogs akan mengikuti cogs berjalan. karena berkaitan dengan pembelian.','2026-01-23 14:00:00',NULL,NULL,NULL,'2026-01-26 16:06:10'),('f89f67c5-abc4-416c-9891-23aa7b4f4a08','019aba21-4f1c-7396-b734-d52156e3ec9d','1c0957ae-c59f-4d73-bdf2-c8aef4e8dc66','Password wifi to all store (UJ, BIB, TENJI)','Network',NULL,'Project','Tidak mengetahui password wifi to all. Store',NULL,NULL,'Closed',1,'2026-01-10','2026-01-10 10:19:02','2026-01-10 18:21:02',NULL,'2026-01-10 13:00:02','0196bfbe-1225-710b-a73e-10dfd73bcde5','Medium','username asti\r\npass 08111996','2026-01-10 21:00:00',NULL,NULL,NULL,'2026-01-10 19:12:11'),('f91ab058-2f7f-42e3-8771-5d128c8ff274','019b2a4d-ab91-7072-9851-f51583f15367','f6ff5a6e-4029-4210-9fea-9935a04f8023','Jaringan bermasalah tidak dapat update SALES NUSPEN 1','Network',NULL,'Project','Jaringan tidak bisa di akses \r\nsales tidak update',NULL,NULL,'Closed',1,'2026-01-26','2026-01-26 04:08:34','2026-01-26 12:12:20',NULL,'2026-01-26 05:07:39','0197f855-05bf-7145-803b-b1a7f5b648a2','Low','sudah bisa untuk internetnya','2026-01-30 12:12:00',NULL,NULL,NULL,'2026-01-26 13:07:39');
/*!40000 ALTER TABLE `ticket_tables` ENABLE KEYS */;
UNLOCK TABLES;

--
-- Table structure for table `tickets_reviews`
--

DROP TABLE IF EXISTS `tickets_reviews`;
/*!40101 SET @saved_cs_client     = @@character_set_client */;
/*!50503 SET character_set_client = utf8mb4 */;
CREATE TABLE `tickets_reviews` (
  `id` char(36) CHARACTER SET utf8mb4 COLLATE utf8mb4_unicode_ci NOT NULL,
  `ticket_id` char(36) CHARACTER SET utf8mb4 COLLATE utf8mb4_unicode_ci DEFAULT NULL,
  `user_id` varchar(255) CHARACTER SET utf8mb4 COLLATE utf8mb4_unicode_ci DEFAULT NULL,
  `executor_id` varchar(255) CHARACTER SET utf8mb4 COLLATE utf8mb4_unicode_ci DEFAULT NULL,
  `rating` tinyint DEFAULT NULL,
  `comment` text CHARACTER SET utf8mb4 COLLATE utf8mb4_unicode_ci,
  `created_at` timestamp NULL DEFAULT NULL,
  `updated_at` timestamp NULL DEFAULT NULL,
  PRIMARY KEY (`id`),
  UNIQUE KEY `tickets_reviews_ticket_id_unique` (`ticket_id`),
  CONSTRAINT `tickets_reviews_ticket_id_foreign` FOREIGN KEY (`ticket_id`) REFERENCES `ticket_tables` (`id`) ON DELETE CASCADE
) ENGINE=InnoDB DEFAULT CHARSET=utf8mb4 COLLATE=utf8mb4_unicode_ci;
/*!40101 SET character_set_client = @saved_cs_client */;

--
-- Dumping data for table `tickets_reviews`
--

LOCK TABLES `tickets_reviews` WRITE;
/*!40000 ALTER TABLE `tickets_reviews` DISABLE KEYS */;
INSERT INTO `tickets_reviews` VALUES ('0692ec85-a6d2-421a-8eb6-7b262d316a8e','e9ce9dc1-fca1-41db-b64c-2b1a33d467c0','019a2355-5717-71cf-96c8-06e79a7d0047','0196bfbe-1225-710b-a73e-10dfd73bcde5',5,'Bintang 5 tapi ku bukan ancaman','2026-01-31 09:20:29','2026-01-31 09:20:29'),('0d449285-3d00-473e-9642-14adff50db56','32c03db0-f9da-426a-938a-3a2d43344272','0196bfbe-0d9f-723c-a395-7a3c26886165','0196bfbe-1225-710b-a73e-10dfd73bcde5',5,'Bintang 5 tapi ku bukan ancaman','2026-01-31 09:20:29','2026-01-31 09:20:29'),('0eb9c532-47bf-4e35-a99b-c0cecb527d39','97e42dc0-daca-4db3-8612-c0c18c4d6410','01976737-2d19-7159-8fe8-af6da8d5eb93','0196bfbe-0dd5-703d-be34-74b9124e9556',5,'Bintang 5 tapi ku bukan ancaman','2026-01-31 09:20:29','2026-01-31 09:20:29'),('155ef77d-e074-4137-9d46-15eecbf8b35a','f757b063-3e22-4eb2-b3b2-ba1f4f812660','01973ee7-0698-7170-a849-68d8061906a7','0197f855-05bf-7145-803b-b1a7f5b648a2',5,'Bintang 5 tapi ku bukan ancaman','2026-01-31 09:20:29','2026-01-31 09:20:29'),('179af880-23c8-499d-b836-aeaab233fef7','5593e7e8-774e-42c2-b7eb-56f231fcadda','01975e6c-739e-719e-903c-b2095c851326','0196bfbe-1225-710b-a73e-10dfd73bcde5',5,'Bintang 5 tapi ku bukan ancaman','2026-01-31 09:20:29','2026-01-31 09:20:29'),('1a8aff17-1b94-426b-8fe4-81f5ccd0c980','26edd9e9-d6b7-4f12-94ed-a5e70bc2adf8','019747cb-6c6c-72cd-9546-b257e7d5ac0d','0196bfbe-1225-710b-a73e-10dfd73bcde5',5,'Bintang 5 tapi ku bukan ancaman','2026-01-31 09:20:29','2026-01-31 09:20:29'),('1ba17218-c8b5-4258-8e9c-c6f2a44fbfd0','6a6ddd3b-aa69-4b71-b619-7e60f843320e','01976737-2d19-7159-8fe8-af6da8d5eb93','0196bfbe-0dd5-703d-be34-74b9124e9556',5,'Bintang 5 tapi ku bukan ancaman','2026-01-31 09:20:29','2026-01-31 09:20:29'),('1ce818cd-07c5-4be8-9c61-8fadb387a750','1d5bad15-4da8-4850-8c4f-9d3dcc03d382','019abea0-4f6a-73ef-a553-f4ec51d21cc3','0196bfbe-1225-710b-a73e-10dfd73bcde5',5,'Bintang 5 tapi ku bukan ancaman','2026-01-31 09:20:29','2026-01-31 09:20:29'),('1f9f71c9-fe48-40a9-85e5-abd7bc078148','f89f67c5-abc4-416c-9891-23aa7b4f4a08','019aba21-4f1c-7396-b734-d52156e3ec9d','0196bfbe-1225-710b-a73e-10dfd73bcde5',5,NULL,'2026-01-14 05:45:47','2026-01-14 05:45:47'),('227a5b9d-a808-49a8-ad9a-3e812969d4b4','5621cb40-8538-4e95-8d39-b5fd419d4054','019a2355-5717-71cf-96c8-06e79a7d0047','0196bfbe-0dd5-703d-be34-74b9124e9556',5,'The request was handled quickly and professionally. The new employee fingerprint ID was successfully registered. Thank you for the support.','2026-01-08 08:42:29','2026-01-08 08:42:29'),('2633ef72-9332-479b-b33d-0f745b69683a','6b0b2370-9a34-4159-8d08-ef2f8ab87389','01976737-2d19-7159-8fe8-af6da8d5eb93','0196bfbe-0dd5-703d-be34-74b9124e9556',5,'Bintang 5 tapi ku bukan ancaman','2026-01-31 09:20:29','2026-01-31 09:20:29'),('27b75e2a-a262-44eb-9b90-bafdb872b800','c14a06d1-f815-4425-9c0e-5b68235cdd59','01973966-3d13-70da-815e-17a62d8b3bfe','0196bfbe-1225-710b-a73e-10dfd73bcde5',5,'Bintang 5 tapi ku bukan ancaman','2026-01-31 09:20:29','2026-01-31 09:20:29'),('290c6d42-e857-44a3-9883-96aafd99ae98','d27e407b-8663-409c-a03e-45ebfd191689','019a2355-5717-71cf-96c8-06e79a7d0047','0196bfbe-0dd5-703d-be34-74b9124e9556',5,'Bintang 5 tapi ku bukan ancaman','2026-01-31 09:20:29','2026-01-31 09:20:29'),('2a7a9e8b-1c37-4b91-962c-2ffe5c3217ba','6839678a-15d0-488f-bad9-72c8372c9503','01976737-35aa-7153-add0-c1293915137b','0196bfbe-1225-710b-a73e-10dfd73bcde5',5,'Bintang 5 tapi ku bukan ancaman','2026-01-31 09:20:29','2026-01-31 09:20:29'),('2b4ae1b5-2275-4697-9a33-13ba1c86ebe3','89a8a74d-849d-4351-adef-6e14719e803a','01975e6c-750f-72b7-810d-6ecb2cf0b4b7','0196bfbe-1225-710b-a73e-10dfd73bcde5',5,'Bintang 5 tapi ku bukan ancaman','2026-01-31 09:20:29','2026-01-31 09:20:29'),('2c9268a7-3494-4e5e-b6f6-8384cad3c856','b623b150-7538-422b-89eb-6bfd42871060','01997aa1-846b-7379-84f9-366759dc627d','0196bfbe-1225-710b-a73e-10dfd73bcde5',5,'Bintang 5 tapi ku bukan ancaman','2026-01-31 09:20:29','2026-01-31 09:20:29'),('2cb0a8b0-a6e0-47f6-bbc9-6524d51d2d33','a7a1cc38-9066-4995-b5ca-8f77282b1824','019a2355-5717-71cf-96c8-06e79a7d0047','0196bfbe-0dd5-703d-be34-74b9124e9556',5,NULL,'2026-01-19 05:10:15','2026-01-19 05:10:15'),('3debe106-ff6e-45b7-ab24-f582e4fd18e7','f160916a-d46c-4697-b643-3e622cbeba30','019a2355-5717-71cf-96c8-06e79a7d0047','0196bfbe-1225-710b-a73e-10dfd73bcde5',5,'Bintang 5 tapi ku bukan ancaman','2026-01-31 09:20:29','2026-01-31 09:20:29'),('40b92001-1b7b-47d9-9582-2a58073e5bad','6726b33e-cd4c-4abf-b190-bf8a76816c1e','0196bfbe-0d9f-723c-a395-7a3c26886165','0196bfbe-1225-710b-a73e-10dfd73bcde5',5,'Bintang 5 tapi ku bukan ancaman','2026-01-31 09:20:29','2026-01-31 09:20:29'),('4162fc07-6da5-4aa3-9e86-de6dadb6f2f9','d5f3a335-5d2c-4273-8c9e-580b318746f4','019747cb-6bee-7112-90be-cdaf0e5e5a5a','0196bfbe-0dd5-703d-be34-74b9124e9556',5,'Bintang 5 tapi ku bukan ancaman','2026-01-31 09:20:29','2026-01-31 09:20:29'),('454e4c2f-a5e3-44d6-a953-55d35f755944','45108f4f-bc15-4c4a-943f-7dec8ffa15dc','01976737-35aa-7153-add0-c1293915137b','0196bfbe-1225-710b-a73e-10dfd73bcde5',5,'Bintang 5 tapi ku bukan ancaman','2026-01-31 09:20:29','2026-01-31 09:20:29'),('4bdc1e54-5513-4df9-881a-94746f2a8192','26605f49-497b-4906-9620-84dda7dfd43d','0197525d-a2bc-72ca-8c54-0bbab60d43b5','0197f855-05bf-7145-803b-b1a7f5b648a2',5,NULL,'2026-01-24 04:32:57','2026-01-24 04:32:57'),('4e3cd4f5-0d26-4d12-a3f3-2c3aade653bc','b293b6f4-9497-4f98-bbd8-330eb7c7aca5','0196bfbe-11bd-739a-8ddf-1eba6e7a3911','0196bfbe-1225-710b-a73e-10dfd73bcde5',5,'responnya dan penyelesaian masalahnya cepat','2026-01-14 06:34:46','2026-01-14 06:34:46'),('540eef9c-d4b4-440a-b482-5cf9328de128','8b549455-b448-4a78-9d5f-db1ab34488ee','0197525d-a2bc-72ca-8c54-0bbab60d43b5','0196bfbe-1225-710b-a73e-10dfd73bcde5',5,NULL,'2026-01-24 04:33:22','2026-01-24 04:33:22'),('55662af8-e4d3-48f4-b610-0fbf8b9ef23a','72268e18-6c93-42d2-99e7-f56e6c63a672','01997aa1-846b-7379-84f9-366759dc627d','0197f855-05bf-7145-803b-b1a7f5b648a2',5,'Terima kasih pak','2026-01-26 04:57:02','2026-01-26 04:57:02'),('55a73519-1a0b-4d15-82c8-ae0a6970d228','8c271b88-42bd-4ac2-bb12-f7f5e46fb4d4','01973a24-3e78-716f-8700-2f79d0556587','0196bfbe-1225-710b-a73e-10dfd73bcde5',5,'Bintang 5 tapi ku bukan ancaman','2026-01-31 09:20:29','2026-01-31 09:20:29'),('5ea193ed-a115-4e38-a13f-c7309c5a870e','809d1cd1-6ee8-4190-a3d4-368ca392d8fc','019a2355-5717-71cf-96c8-06e79a7d0047','0196bfbe-0dd5-703d-be34-74b9124e9556',5,'Bintang 5 tapi ku bukan ancaman','2026-01-31 09:20:29','2026-01-31 09:20:29'),('67cb2f46-0211-45a7-ae44-030cd352fb1b','f91ab058-2f7f-42e3-8771-5d128c8ff274','019b2a4d-ab91-7072-9851-f51583f15367','0197f855-05bf-7145-803b-b1a7f5b648a2',5,'Bintang 5 tapi ku bukan ancaman','2026-01-31 09:20:29','2026-01-31 09:20:29'),('69971cbc-aa00-4faf-adbe-cb4a9381754b','a98250f6-baef-46cb-8dbf-6043690eb7b3','0196bfbe-0d9f-723c-a395-7a3c26886165','0196bfbe-1225-710b-a73e-10dfd73bcde5',5,'Bintang 5 tapi ku bukan ancaman','2026-01-31 09:20:29','2026-01-31 09:20:29'),('6b6b34de-1d71-4a2f-a260-c49bd631b864','580e5040-9b69-4665-9b6e-14dbe212ba0d','019a2355-5717-71cf-96c8-06e79a7d0047','0196bfbe-1225-710b-a73e-10dfd73bcde5',5,'Bintang 5 tapi ku bukan ancaman','2026-01-31 09:20:29','2026-01-31 09:20:29'),('6d8aa02c-5c70-4d38-961d-460927c5b74a','3c7bd83f-a150-4485-a94a-01c8c4012f17','01976737-2c6f-70bc-9b3b-b71ed5de3a8e','0197f855-05bf-7145-803b-b1a7f5b648a2',5,'Bintang 5 tapi ku bukan ancaman','2026-01-31 09:20:29','2026-01-31 09:20:29'),('6d91486e-e317-40db-b56c-39124c598e5b','0da9562f-e754-47a7-b429-fe8b10226409','0196bfbe-0d9f-723c-a395-7a3c26886165','0197f855-05bf-7145-803b-b1a7f5b648a2',5,'Bintang 5 tapi ku bukan ancaman','2026-01-31 09:20:29','2026-01-31 09:20:29'),('771ab63a-7dac-4dbe-b5cd-5d5cec4d1089','f4d8fe42-c33b-4841-94e2-6be2644c1179','01975e7b-0034-7323-af34-3b8ad36eb01c','0196bfbe-0dd5-703d-be34-74b9124e9556',5,'Bintang 5 tapi ku bukan ancaman','2026-01-31 09:20:29','2026-01-31 09:20:29'),('7c774129-ec92-4ccb-a543-9c1a6ec91d14','7839098d-ac83-4989-99c3-8170c61033fc','0196bfbe-0f7d-7042-9d74-d3bb4435de0f','0196bfbe-1225-710b-a73e-10dfd73bcde5',5,'Bintang 5 tapi ku bukan ancaman','2026-01-31 09:20:29','2026-01-31 09:20:29'),('7df46f64-dbab-4590-bea3-3b7f66715643','405ae2ca-979d-484d-a685-9f5d75aa3c90','0197525d-a2bc-72ca-8c54-0bbab60d43b5','0196bfbe-1225-710b-a73e-10dfd73bcde5',5,'Bintang 5 tapi ku bukan ancaman','2026-01-31 09:20:29','2026-01-31 09:20:29'),('7f3d3f86-420b-4e35-bba1-bc8fa72d3e87','4351bf93-8a72-4901-bda1-5955ade71b50','019752be-0543-703c-9c59-5e20ee0b9297','0196bfbe-0dd5-703d-be34-74b9124e9556',5,'Bintang 5 tapi ku bukan ancaman','2026-01-31 09:20:29','2026-01-31 09:20:29'),('83615d62-2f57-4fe0-93ff-28960e22a1c3','56a7c6c0-a950-410d-802a-35108828e54d','019aba21-4f1c-7396-b734-d52156e3ec9d','0196bfbe-0dd5-703d-be34-74b9124e9556',5,'Bintang 5 tapi ku bukan ancaman','2026-01-31 09:20:29','2026-01-31 09:20:29'),('852b8c5d-28dd-4519-ac6f-3c7402860b1f','94d21da1-839b-4fbc-9c2a-0450c604e13c','019b2a4d-ab91-7072-9851-f51583f15367','0196bfbe-1225-710b-a73e-10dfd73bcde5',5,'Bintang 5 tapi ku bukan ancaman','2026-01-31 09:20:29','2026-01-31 09:20:29'),('8742c98b-97c3-4ed2-a1ba-d8386019756f','be367c37-e477-4407-8d44-d94e38ab5046','0197525d-a2bc-72ca-8c54-0bbab60d43b5','0196bfbe-1225-710b-a73e-10dfd73bcde5',5,NULL,'2026-01-24 04:32:42','2026-01-24 04:32:42'),('8cbc8d09-0782-4dfd-9568-45450eb7895e','7469821e-33bd-44b9-912d-682c73012082','01975e6c-750f-72b7-810d-6ecb2cf0b4b7','0196bfbe-1225-710b-a73e-10dfd73bcde5',5,'Bintang 5 tapi ku bukan ancaman','2026-01-31 09:20:29','2026-01-31 09:20:29'),('8fb67b6e-419b-4f5f-a358-f14bdce411d6','911e818b-cb71-43bb-a9eb-fb9963c5fc52','01973966-3df2-7036-9f04-459e3d29ccaa','0197f855-05bf-7145-803b-b1a7f5b648a2',5,'Bintang 5 tapi ku bukan ancaman','2026-01-31 09:20:29','2026-01-31 09:20:29'),('a1dd0fe7-20ff-46d6-9537-b55f77a04408','837beb79-8044-4b3f-acd0-d71a98c94585','019abea0-4f6a-73ef-a553-f4ec51d21cc3','0196bfbe-1225-710b-a73e-10dfd73bcde5',5,'Bintang 5 tapi ku bukan ancaman','2026-01-31 09:20:29','2026-01-31 09:20:29'),('a7d561f3-2bc1-489f-8cc8-a57ba2325b62','51a9a8f8-ad6d-470e-9659-85a4054f056e','01973966-3d13-70da-815e-17a62d8b3bfe','0196bfbe-1225-710b-a73e-10dfd73bcde5',5,NULL,'2026-01-13 03:49:51','2026-01-13 03:49:51'),('aa40e1aa-b7d2-4a13-99af-22cad0ebfa2a','d1aa5211-ff07-4fff-9c9c-d9e513d9cdf2','0196bfbe-0fb1-72a2-8fa7-ebb7a0d48ee1','0196bfbe-0dd5-703d-be34-74b9124e9556',5,'Bintang 5 tapi ku bukan ancaman','2026-01-31 09:20:29','2026-01-31 09:20:29'),('aadad315-11ec-4a69-bf77-95a14c4bc821','1e15c925-0059-4ccc-a36e-184cb85109d5','01976737-2c6f-70bc-9b3b-b71ed5de3a8e','0196bfbe-1225-710b-a73e-10dfd73bcde5',5,'Bintang 5 tapi ku bukan ancaman','2026-01-31 09:20:29','2026-01-31 09:20:29'),('ace686bc-cc4e-42da-afc4-098e92d3bd72','00b101d1-4e89-46c2-9246-44e8319ff157','01997aa1-846b-7379-84f9-366759dc627d','0196bfbe-1225-710b-a73e-10dfd73bcde5',5,'Bintang 5 tapi ku bukan ancaman','2026-01-31 09:20:28','2026-01-31 09:20:28'),('afea4c40-1240-425d-a3cd-0d14d2fdb19e','105105ac-ee7e-4835-8afd-af56df25cfbc','0196bfbe-0d9f-723c-a395-7a3c26886165','0196bfbe-1225-710b-a73e-10dfd73bcde5',5,'Bintang 5 tapi ku bukan ancaman','2026-01-31 09:20:29','2026-01-31 09:20:29'),('b124b632-773b-4883-9c69-a0512d582b4c','afd43d10-1ead-49b5-bb34-fadea23eb110','01973ee7-0698-7170-a849-68d8061906a7','0197f855-05bf-7145-803b-b1a7f5b648a2',5,NULL,'2026-01-15 10:23:05','2026-01-15 10:23:05'),('b80c90a1-09a6-4fd1-a4eb-c8a68a57d646','38a210e7-0c66-4b2b-8a47-1270abbef211','019abea0-4f6a-73ef-a553-f4ec51d21cc3','0196bfbe-0dd5-703d-be34-74b9124e9556',5,'Bintang 5 tapi ku bukan ancaman','2026-01-31 09:20:29','2026-01-31 09:20:29'),('bb860191-3b5a-4144-8510-1d1d2b904c32','73bb1928-46d5-4d56-80c4-9ef38ed816f7','019a2355-5717-71cf-96c8-06e79a7d0047','0196bfbe-0dd5-703d-be34-74b9124e9556',5,'Bintang 5 tapi ku bukan ancaman','2026-01-31 09:20:29','2026-01-31 09:20:29'),('c31b421b-726b-4f4f-95b3-63c77b87941c','4ddfedc3-5fab-4048-a779-97a1cd951f69','0196bfbe-128e-727c-9853-1dafcebd5b85','0196bfbe-1225-710b-a73e-10dfd73bcde5',5,'Bintang 5 tapi ku bukan ancaman','2026-01-31 09:20:29','2026-01-31 09:20:29'),('c8305b6b-e121-4dae-b8fc-5e6e76db5d94','6ff0e03f-62ea-4bad-8d4d-cf74eedbc952','019a2355-5717-71cf-96c8-06e79a7d0047','0196bfbe-1225-710b-a73e-10dfd73bcde5',5,'Bintang 5 tapi ku bukan ancaman','2026-01-31 09:20:29','2026-01-31 09:20:29'),('d51c280f-d41a-46d0-b141-d72abef4191e','4109a3e5-6884-4c04-90f8-43b89f18bc38','01976737-2d19-7159-8fe8-af6da8d5eb93','0196bfbe-0dd5-703d-be34-74b9124e9556',5,'Bintang 5 tapi ku bukan ancaman','2026-01-31 09:20:29','2026-01-31 09:20:29'),('da8fb34e-30bc-4d3d-af7f-2c461467ddbb','cbf868ec-0df1-4aa8-95a4-8931ec6b1c9c','01976737-2d19-7159-8fe8-af6da8d5eb93','0196bfbe-1225-710b-a73e-10dfd73bcde5',5,'Bintang 5 tapi ku bukan ancaman','2026-01-31 09:20:29','2026-01-31 09:20:29'),('db15bdd6-d8b2-4ba1-9302-5fcec22e4541','758407c2-dbf4-47ee-a991-8f83c3c77932','019abea0-4f6a-73ef-a553-f4ec51d21cc3','0196bfbe-1225-710b-a73e-10dfd73bcde5',5,'Bintang 5 tapi ku bukan ancaman','2026-01-31 09:20:29','2026-01-31 09:20:29'),('dd5325c2-7891-4eb3-8980-47265430ee82','bb938d48-619a-4921-8e2b-aef0990b50a2','019a2355-5717-71cf-96c8-06e79a7d0047','0196bfbe-0dd5-703d-be34-74b9124e9556',5,NULL,'2026-01-13 06:37:45','2026-01-13 06:37:45'),('e03b5dd9-6ce8-4ec8-acc2-eee8fa6e2b8c','424681ad-9fbb-4eb9-a20c-5a29d277fd2d','01976737-2d19-7159-8fe8-af6da8d5eb93','0196bfbe-0dd5-703d-be34-74b9124e9556',5,'Bintang 5 tapi ku bukan ancaman','2026-01-31 09:20:29','2026-01-31 09:20:29'),('e3d4c017-223d-4e7f-872b-662fc003b032','c8a5fa54-f6f3-4c78-94e5-3fbfd7393ea1','0198c6d4-622b-731c-b8cd-f95e79818842','0197f855-05bf-7145-803b-b1a7f5b648a2',5,'Bintang 5 tapi ku bukan ancaman','2026-01-31 09:20:29','2026-01-31 09:20:29'),('edd665c8-15fd-4cf3-a6aa-b2c55e20a3c3','122778a9-ce4f-424d-8661-a805cd9c499e','019747cb-6bee-7112-90be-cdaf0e5e5a5a','0196bfbe-0dd5-703d-be34-74b9124e9556',5,'Bintang 5 tapi ku bukan ancaman','2026-01-31 09:20:29','2026-01-31 09:20:29'),('ee89542d-1418-4ff5-9353-aef19ae527a7','6ed1bb81-d355-4643-9282-774cbc6c1619','01973966-3d13-70da-815e-17a62d8b3bfe','019bbfa6-ab6e-7028-8178-2c8f8e7a961d',5,'Bintang 5 tapi ku bukan ancaman','2026-01-31 09:20:29','2026-01-31 09:20:29'),('fc2ca7aa-b602-4acf-8058-586339be94d5','4b1e3e11-ff6c-48bd-b867-752497ee71bb','01973a24-3e78-716f-8700-2f79d0556587','0196bfbe-1225-710b-a73e-10dfd73bcde5',5,'Bintang 5 tapi ku bukan ancaman','2026-01-31 09:20:29','2026-01-31 09:20:29');
/*!40000 ALTER TABLE `tickets_reviews` ENABLE KEYS */;
UNLOCK TABLES;

--
-- Table structure for table `users`
--

DROP TABLE IF EXISTS `users`;
/*!40101 SET @saved_cs_client     = @@character_set_client */;
/*!50503 SET character_set_client = utf8mb4 */;
CREATE TABLE `users` (
  `id` bigint unsigned NOT NULL AUTO_INCREMENT,
  `name` varchar(255) CHARACTER SET utf8mb4 COLLATE utf8mb4_unicode_ci NOT NULL,
  `email` varchar(255) CHARACTER SET utf8mb4 COLLATE utf8mb4_unicode_ci NOT NULL,
  `email_verified_at` timestamp NULL DEFAULT NULL,
  `password` varchar(255) CHARACTER SET utf8mb4 COLLATE utf8mb4_unicode_ci NOT NULL,
  `remember_token` varchar(100) CHARACTER SET utf8mb4 COLLATE utf8mb4_unicode_ci DEFAULT NULL,
  `created_at` timestamp NULL DEFAULT NULL,
  `updated_at` timestamp NULL DEFAULT NULL,
  PRIMARY KEY (`id`),
  UNIQUE KEY `users_email_unique` (`email`)
) ENGINE=InnoDB DEFAULT CHARSET=utf8mb4 COLLATE=utf8mb4_unicode_ci;
/*!40101 SET character_set_client = @saved_cs_client */;

--
-- Dumping data for table `users`
--

LOCK TABLES `users` WRITE;
/*!40000 ALTER TABLE `users` DISABLE KEYS */;
/*!40000 ALTER TABLE `users` ENABLE KEYS */;
UNLOCK TABLES;
/*!40103 SET TIME_ZONE=@OLD_TIME_ZONE */;

/*!40101 SET SQL_MODE=@OLD_SQL_MODE */;
/*!40014 SET FOREIGN_KEY_CHECKS=@OLD_FOREIGN_KEY_CHECKS */;
/*!40014 SET UNIQUE_CHECKS=@OLD_UNIQUE_CHECKS */;
/*!40101 SET CHARACTER_SET_CLIENT=@OLD_CHARACTER_SET_CLIENT */;
/*!40101 SET CHARACTER_SET_RESULTS=@OLD_CHARACTER_SET_RESULTS */;
/*!40101 SET COLLATION_CONNECTION=@OLD_COLLATION_CONNECTION */;
/*!40111 SET SQL_NOTES=@OLD_SQL_NOTES */;

-- Dump completed on 2026-06-11 13:48:35
